Församlings-kod;Kommun;Församling;Summa, inkl. kyrkoavgift;Summa, exkl. kyrkoavgift;Kommunal-skatt;Landstings-skatt;Begravnings-avgift;Kyrkoavgift
01 14  01;UPPLANDS VÄSBY;ED;32.645;31.76;19.52;12.08;0.16;0.885
01 14  02;UPPLANDS VÄSBY;HAMMARBY;32.515;31.68;19.52;12.08;0.08;0.835
01 14  03;UPPLANDS VÄSBY;FRESTA;32.515;31.72;19.52;12.08;0.12;0.795
01 15  01;VALLENTUNA;VALLENTUNA;32.055;31.22;19.00;12.08;0.14;0.835
01 15  07;VALLENTUNA;ÖSSEBY;32.435;31.295;19.00;12.08;0.215;1.14
01 17  02;ÖSTERÅKER;ÖSTERÅKER-ÖSTRA RYD;31.115;30.38;18.17;12.08;0.13;0.735
01 17  03;ÖSTERÅKER;LJUSTERÖ-KULLA;31.555;30.50;18.17;12.08;0.25;1.055
01 20  01;VÄRMDÖ;VÄRMDÖ;32.965;32.10;19.88;12.08;0.14;0.865
01 20  03;VÄRMDÖ;DJURÖ, MÖJA OCH NÄMDÖ;33.325;32.16;19.88;12.08;0.20;1.165
01 20  06;VÄRMDÖ;GUSTAVSBERG-INGARÖ;32.855;32.08;19.88;12.08;0.12;0.775
01 23  04;JÄRFÄLLA;JÄRFÄLLA;32.085;31.40;19.15;12.08;0.17;0.685
01 25  01;EKERÖ;ADELSÖ-MUNSÖ;32.425;31.49;19.25;12.08;0.16;0.935
01 25  03;EKERÖ;EKERÖ;32.425;31.49;19.25;12.08;0.16;0.935
01 25  04;EKERÖ;LOVÖ;32.425;31.49;19.25;12.08;0.16;0.935
01 25  09;EKERÖ;FÄRINGSÖ;32.425;31.47;19.25;12.08;0.14;0.955
01 26  01;HUDDINGE;HUDDINGE;32.805;32.09;19.87;12.08;0.14;0.715
01 26  02;HUDDINGE;TRÅNGSUND;32.805;32.09;19.87;12.08;0.14;0.715
01 26  03;HUDDINGE;S:T MIKAEL;32.805;32.09;19.87;12.08;0.14;0.715
01 26  04;HUDDINGE;FLEMINGSBERG;32.805;32.09;19.87;12.08;0.14;0.715
01 27  01;BOTKYRKA;BOTKYRKA;33.355;32.42;20.15;12.08;0.19;0.935
01 27  02;BOTKYRKA;GRÖDINGE;33.42;32.41;20.15;12.08;0.18;1.01
01 28  01;SALEM;SALEM;32.679;31.84;19.67;12.08;0.09;0.839
01 36  01;HANINGE;ÖSTERHANINGE;32.745;31.90;19.68;12.08;0.14;0.845
01 36  05;HANINGE;DALARÖ-ORNÖ-UTÖ;32.865;32.00;19.68;12.08;0.24;0.865
01 36  06;HANINGE;VÄSTERHANINGE-MUSKÖ;32.685;31.91;19.68;12.08;0.15;0.775
01 38  01;TYRESÖ;TYRESÖ;32.515;31.70;19.50;12.08;0.12;0.815
01 39  01;UPPLANDS-BRO;BRO;32.75;31.81;19.60;12.08;0.13;0.94
01 39  03;UPPLANDS-BRO;KUNGSÄNGEN-VÄSTRA RYD;32.72;31.84;19.60;12.08;0.16;0.88
01 40  01;NYKVARN;TURINGE-TAXINGE;33.35;32.28;19.97;12.08;0.23;1.07
01 60  01;TÄBY;TÄBY;30.695;29.92;17.65;12.08;0.19;0.775
01 62  01;DANDERYD;DANDERYD;30.285;29.56;17.35;12.08;0.13;0.725
01 63  01;SOLLENTUNA;SOLLENTUNA;31.115;30.30;18.12;12.08;0.10;0.815
01 80  01;STOCKHOLM;STOCKHOLMS DOMKYRKOFÖRS.;31.08;30.055;17.90;12.08;0.075;1.025
01 80  04;STOCKHOLM;S:T JOHANNES;30.99;30.055;17.90;12.08;0.075;0.935
01 80  05;STOCKHOLM;ADOLF FREDRIK;31.03;30.055;17.90;12.08;0.075;0.975
01 80  06;STOCKHOLM;GUSTAV VASA;31.03;30.055;17.90;12.08;0.075;0.975
01 80  07;STOCKHOLM;S:T MATTEUS;30.72;30.055;17.90;12.08;0.075;0.665
01 80  09;STOCKHOLM;ENGELBREKT;30.84;30.055;17.90;12.08;0.075;0.785
01 80  10;STOCKHOLM;HEDVIG ELEONORA;30.79;30.055;17.90;12.08;0.075;0.735
01 80  11;STOCKHOLM;OSCAR;30.74;30.055;17.90;12.08;0.075;0.685
01 80  13;STOCKHOLM;MARIA MAGDALENA;30.92;30.055;17.90;12.08;0.075;0.865
01 80  14;STOCKHOLM;HÖGALID;30.83;30.055;17.90;12.08;0.075;0.775
01 80  15;STOCKHOLM;KATARINA;30.87;30.055;17.90;12.08;0.075;0.815
01 80  17;STOCKHOLM;SOFIA;30.88;30.055;17.90;12.08;0.075;0.825
01 80  19;STOCKHOLM;VÄSTERMALM;30.75;30.055;17.90;12.08;0.075;0.695
01 80  21;STOCKHOLM;BRÄNNKYRKA;30.81;30.055;17.90;12.08;0.075;0.755
01 80  23;STOCKHOLM;VANTÖR;30.80;30.055;17.90;12.08;0.075;0.745
01 80  25;STOCKHOLM;FARSTA;30.92;30.055;17.90;12.08;0.075;0.865
01 80  27;STOCKHOLM;BROMMA;30.69;30.055;17.90;12.08;0.075;0.635
01 80  29;STOCKHOLM;VÄSTERLED;30.76;30.055;17.90;12.08;0.075;0.705
01 80  31;STOCKHOLM;VÄLLINGBY;30.78;30.055;17.90;12.08;0.075;0.725
01 80  34;STOCKHOLM;ENSKEDE-ÅRSTA;30.85;30.055;17.90;12.08;0.075;0.795
01 80  36;STOCKHOLM;SKARPNÄCK;30.84;30.055;17.90;12.08;0.075;0.785
01 80  38;STOCKHOLM;HÄSSELBY;30.74;30.055;17.90;12.08;0.075;0.685
01 80  39;STOCKHOLM;HÄGERSTEN;30.715;30.055;17.90;12.08;0.075;0.66
01 80  40;STOCKHOLM;SKÄRHOLMEN;30.95;30.055;17.90;12.08;0.075;0.895
01 80  41;STOCKHOLM;SPÅNGA-KISTA;30.78;30.055;17.90;12.08;0.075;0.725
01 81  01;SÖDERTÄLJE;SÖDERTÄLJE;33.37;32.48;20.15;12.08;0.25;0.89
01 81  02;SÖDERTÄLJE;ÖSTERTÄLJE;33.37;32.48;20.15;12.08;0.25;0.89
01 81  04;SÖDERTÄLJE;ENHÖRNA;33.47;32.36;20.15;12.08;0.13;1.11
01 81  06;SÖDERTÄLJE;VÅRDINGE;33.55;32.48;20.15;12.08;0.25;1.07
01 81  07;SÖDERTÄLJE;ÖVERJÄRNA;33.55;32.48;20.15;12.08;0.25;1.07
01 81  08;SÖDERTÄLJE;YTTERJÄRNA;33.55;32.48;20.15;12.08;0.25;1.07
01 81  10;SÖDERTÄLJE;HÖLÖ-MÖRKÖ;33.58;32.47;20.15;12.08;0.24;1.11
01 82  01;NACKA;NACKA;31.565;30.87;18.63;12.08;0.16;0.695
01 82  02;NACKA;SALTSJÖBADEN;31.765;30.89;18.63;12.08;0.18;0.875
01 82  03;NACKA;BOO;31.645;30.86;18.63;12.08;0.15;0.785
01 83  01;SUNDBYBERG;SUNDBYBERG;31.83;31.11;18.90;12.08;0.13;0.72
01 84  01;SOLNA;SOLNA;29.965;29.28;17.12;12.08;0.08;0.685
01 86  01;LIDINGÖ;LIDINGÖ;31.485;30.82;18.64;12.08;0.10;0.665
01 87  01;VAXHOLM;VAXHOLM;32.815;31.97;19.78;12.08;0.11;0.845
01 88  01;NORRTÄLJE;NORRTÄLJE-MALSTA;32.775;31.985;19.72;12.08;0.185;0.79
01 88  03;NORRTÄLJE;VÄDDÖ OCH BJÖRKÖ-ARHOLMA;33.34;32.02;19.72;12.08;0.22;1.32
01 88  05;NORRTÄLJE;HÄVERÖ-EDEBO-SINGÖ;33.402;32.12;19.72;12.08;0.32;1.282
01 88  08;NORRTÄLJE;EDSBRO-UNUNGE;33.39;32.23;19.72;12.08;0.43;1.16
01 88  09;NORRTÄLJE;FASTERNA;32.94;32.08;19.72;12.08;0.28;0.86
01 88  10;NORRTÄLJE;RIMBO;32.94;32.08;19.72;12.08;0.28;0.86
01 88  12;NORRTÄLJE;HUSBY, SKEDERID OCH RÖ;32.94;32.08;19.72;12.08;0.28;0.86
01 88  14;NORRTÄLJE;GOTTRÖRA;32.94;32.08;19.72;12.08;0.28;0.86
01 88  15;NORRTÄLJE;NÄRTUNA;32.94;32.08;19.72;12.08;0.28;0.86
01 88  17;NORRTÄLJE;LOHÄRAD;33.39;32.23;19.72;12.08;0.43;1.16
01 88  18;NORRTÄLJE;ESTUNA OCH SÖDERBY-KARL;33.39;32.23;19.72;12.08;0.43;1.16
01 88  20;NORRTÄLJE;ROSLAGSBRO-VÄTÖ;33.43;32.17;19.72;12.08;0.37;1.26
01 88  22;NORRTÄLJE;RÅDMANSÖ;33.36;31.99;19.72;12.08;0.19;1.37
01 88  23;NORRTÄLJE;FRÖTUNA;33.36;31.99;19.72;12.08;0.19;1.37
01 88  24;NORRTÄLJE;BLIDÖ;33.09;32.07;19.72;12.08;0.27;1.02
01 88  25;NORRTÄLJE;LÄNNA;33.09;32.07;19.72;12.08;0.27;1.02
01 88  26;NORRTÄLJE;RIALA;33.09;32.07;19.72;12.08;0.27;1.02
01 91  01;SIGTUNA;SIGTUNA;33.37;32.25;20.00;12.08;0.17;1.12
01 91  06;SIGTUNA;HUSBY-ÄRLINGHUNDRA;33.19;32.26;20.00;12.08;0.18;0.93
01 91  08;SIGTUNA;NORRSUNDA;33.19;32.26;20.00;12.08;0.18;0.93
01 91  09;SIGTUNA;SKEPPTUNA;33.19;32.26;20.00;12.08;0.18;0.93
01 91  12;SIGTUNA;VALSTA;33.19;32.26;20.00;12.08;0.18;0.93
01 92  01;NYNÄSHAMN;NYNÄSHAMN;33.00;32.18;19.85;12.08;0.25;0.82
01 92  02;NYNÄSHAMN;SORUNDA;32.81;32.04;19.85;12.08;0.11;0.77
01 92  04;NYNÄSHAMN;ÖSMO-TORÖ;33.22;32.15;19.85;12.08;0.22;1.07
03 05  01;HÅBO;KALMAR-YTTERGRAN;34.29;33.17;21.34;11.71;0.12;1.12
03 05  03;HÅBO;ÖVERGRAN;34.29;33.17;21.34;11.71;0.12;1.12
03 05  04;HÅBO;HÄGGEBY;34.29;33.17;21.34;11.71;0.12;1.12
03 05  05;HÅBO;SKOKLOSTER;34.29;33.17;21.34;11.71;0.12;1.12
03 19  02;ÄLVKARLEBY;ÄLVKARLEBY-SKUTSKÄR;35.74;34.70;22.69;11.71;0.30;1.04
03 30  01;KNIVSTA;KNIVSTA;33.90;32.87;20.91;11.71;0.25;1.03
03 30  02;KNIVSTA;ÖSTUNA;33.90;32.87;20.91;11.71;0.25;1.03
03 30  03;KNIVSTA;HUSBY-LÅNGHUNDRA;33.90;32.87;20.91;11.71;0.25;1.03
03 30  04;KNIVSTA;LAGGA;33.90;32.87;20.91;11.71;0.25;1.03
03 30  05;KNIVSTA;ALSIKE;33.90;32.87;20.91;11.71;0.25;1.03
03 30  06;KNIVSTA;VASSUNDA;33.90;32.87;20.91;11.71;0.25;1.03
03 31  01;HEBY;VÄSTERLÖVSTA;35.71;34.53;22.50;11.71;0.32;1.18
03 31  02;HEBY;HUDDUNGE;35.71;34.53;22.50;11.71;0.32;1.18
03 31  03;HEBY;ENÅKER;35.71;34.53;22.50;11.71;0.32;1.18
03 31  04;HEBY;VITTINGE;35.77;34.53;22.50;11.71;0.32;1.24
03 31  05;HEBY;NORA;35.84;34.60;22.50;11.71;0.39;1.24
03 31  06;HEBY;ÖSTERVÅLA;35.85;34.61;22.50;11.71;0.40;1.24
03 31  07;HEBY;HARBO;35.85;34.61;22.50;11.71;0.40;1.24
03 60  01;TIERP;TOLFTA;34.47;33.03;20.99;11.71;0.33;1.44
03 60  03;TIERP;VENDEL-TEGELSMORA;34.53;33.02;20.99;11.71;0.32;1.51
03 60  05;TIERP;TIERP-SÖDERFORS;34.35;32.97;20.99;11.71;0.27;1.38
03 60  07;TIERP;VÄSTLAND;34.47;33.03;20.99;11.71;0.33;1.44
03 60  08;TIERP;HÅLLNÄS-ÖSTERLÖVSTA;34.47;33.03;20.99;11.71;0.33;1.44
03 80  01;UPPSALA;UPPSALA DOMKYRKOFÖRS.;33.94;33.02;21.14;11.71;0.17;0.92
03 80  02;UPPSALA;HELGA TREFALDIGHET;33.94;33.02;21.14;11.71;0.17;0.92
03 80  03;UPPSALA;GAMLA UPPSALA;33.94;33.02;21.14;11.71;0.17;0.92
03 80  04;UPPSALA;VAKSALA;33.94;33.02;21.14;11.71;0.17;0.92
03 80  05;UPPSALA;DANMARK-FUNBO;34.05;33.00;21.14;11.71;0.15;1.05
03 80  07;UPPSALA;HAGBY;34.28;33.01;21.14;11.71;0.16;1.27
03 80  08;UPPSALA;RAMSTA;34.28;33.01;21.14;11.71;0.16;1.27
03 80  09;UPPSALA;BALINGSTA;34.28;33.01;21.14;11.71;0.16;1.27
03 80  10;UPPSALA;VÄSTERÅKER;34.28;33.01;21.14;11.71;0.16;1.27
03 80  11;UPPSALA;DALBY;34.28;33.01;21.14;11.71;0.16;1.27
03 80  12;UPPSALA;UPPSALA-NÄS;34.28;33.01;21.14;11.71;0.16;1.27
03 80  14;UPPSALA;NORRA HAGUNDA;34.35;33.08;21.14;11.71;0.23;1.27
03 80  21;UPPSALA;BÄLINGEBYGDEN;34.20;33.05;21.14;11.71;0.20;1.15
03 80  22;UPPSALA;SKUTTUNGE;34.31;33.09;21.14;11.71;0.24;1.22
03 80  23;UPPSALA;TENSTA;34.06;32.99;21.14;11.71;0.14;1.07
03 80  24;UPPSALA;LENA;34.06;32.99;21.14;11.71;0.14;1.07
03 80  25;UPPSALA;ÄRENTUNA;34.06;32.99;21.14;11.71;0.14;1.07
03 80  26;UPPSALA;BJÖRKLINGE;34.31;33.09;21.14;11.71;0.24;1.22
03 80  27;UPPSALA;VIKSTA;34.31;33.09;21.14;11.71;0.24;1.22
03 80  28;UPPSALA;KNUTBY-BLADÅKER;34.26;33.12;21.14;11.71;0.27;1.14
03 80  30;UPPSALA;FARINGE;34.26;33.12;21.14;11.71;0.27;1.14
03 80  31;UPPSALA;ALMUNGE;34.26;33.12;21.14;11.71;0.27;1.14
03 80  38;UPPSALA;GOTTSUNDA;33.94;33.02;21.14;11.71;0.17;0.92
03 80  39;UPPSALA;STAVBY;34.30;33.08;21.14;11.71;0.23;1.22
03 80  40;UPPSALA;TUNA;34.30;33.08;21.14;11.71;0.23;1.22
03 80  41;UPPSALA;RASBO;34.30;33.08;21.14;11.71;0.23;1.22
03 80  42;UPPSALA;RASBOKIL;34.30;33.08;21.14;11.71;0.23;1.22
03 81  01;ENKÖPING;ENKÖPING;34.42;33.30;21.34;11.71;0.25;1.12
03 81  05;ENKÖPING;TILLINGE OCH SÖDRA ÅSUNDA;34.42;33.30;21.34;11.71;0.25;1.12
03 81  07;ENKÖPING;SPARRSÄTRA-BRED;34.42;33.30;21.34;11.71;0.25;1.12
03 81  11;ENKÖPING;BOGLÖSA;34.42;33.30;21.34;11.71;0.25;1.12
03 81  14;ENKÖPING;VECKHOLM;34.42;33.30;21.34;11.71;0.25;1.12
03 81  17;ENKÖPING;VILLBERGA;34.42;33.30;21.34;11.71;0.25;1.12
03 81  30;ENKÖPING;LAGUNDA;34.87;33.42;21.34;11.71;0.37;1.45
03 81  31;ENKÖPING;FJÄRDHUNDRA;34.79;33.38;21.34;11.71;0.33;1.41
03 82  04;ÖSTHAMMAR;FRÖSÅKER;34.79;33.70;21.69;11.71;0.30;1.09
03 82  07;ÖSTHAMMAR;ÖREGRUND-GRÄSÖ;35.07;33.73;21.69;11.71;0.33;1.34
03 82  09;ÖSTHAMMAR;ALUNDA;35.04;33.65;21.69;11.71;0.25;1.39
03 82  10;ÖSTHAMMAR;EKEBY;35.13;33.77;21.69;11.71;0.37;1.36
03 82  11;ÖSTHAMMAR;SKÄFTHAMMAR-HÖKHUVUD;35.13;33.77;21.69;11.71;0.37;1.36
03 82  13;ÖSTHAMMAR;DANNEMORABYGDEN;35.03;33.71;21.69;11.71;0.31;1.32
04 28  01;VINGÅKER;VÄSTRA VINGÅKER;34.83;33.79;22.73;10.77;0.29;1.04
04 28  02;VINGÅKER;ÖSTERÅKER;34.83;33.79;22.73;10.77;0.29;1.04
04 61  01;GNESTA;FRUSTUNA;34.49;33.20;22.18;10.77;0.25;1.29
04 61  04;GNESTA;DAGA;34.55;33.23;22.18;10.77;0.28;1.32
04 80  02;NYKÖPING;NYKÖPING;33.66;32.47;21.48;10.77;0.22;1.19
04 80  05;NYKÖPING;TUNABERG;33.99;32.61;21.48;10.77;0.36;1.38
04 80  07;NYKÖPING;KILADALEN;33.79;32.53;21.48;10.77;0.28;1.26
04 80  10;NYKÖPING;STIGTOMTA-VRENA;33.89;32.57;21.48;10.77;0.32;1.32
04 80  19;NYKÖPING;RÖNÖ;34.06;32.70;21.48;10.77;0.45;1.36
04 80  20;NYKÖPING;TYSTBERGABYGDEN;34.09;32.65;21.48;10.77;0.40;1.44
04 81  01;OXELÖSUND;OXELÖSUND;34.34;33.33;22.28;10.77;0.28;1.01
04 82  01;FLEN;FLEN, HELGESTA-HYLTINGE;34.34;33.44;22.33;10.77;0.34;0.90
04 82  05;FLEN;DUNKER-LILLA MALMA;34.68;33.42;22.33;10.77;0.32;1.26
04 82  07;FLEN;MELLÖSA;34.96;33.49;22.33;10.77;0.39;1.47
04 82  08;FLEN;BETTNA;34.82;33.46;22.33;10.77;0.36;1.36
04 83  01;KATRINEHOLM;KATRINEHOLMSBYGDEN;34.29;33.24;22.18;10.77;0.29;1.05
04 83  02;KATRINEHOLM;BJÖRKVIK;34.79;33.48;22.18;10.77;0.53;1.31
04 84  02;ESKILSTUNA;ESKILSTUNA;33.95;33.07;22.08;10.77;0.22;0.88
04 84  03;ESKILSTUNA;TORSHÄLLA;34.04;33.10;22.08;10.77;0.25;0.94
04 84  10;ESKILSTUNA;HÄLLBY FÖRS. MED TUMBO OCH RÅBY-REKA;34.30;33.16;22.08;10.77;0.31;1.14
04 84  13;ESKILSTUNA;VÄSTRA REKARNE;34.45;33.21;22.08;10.77;0.36;1.24
04 84  17;ESKILSTUNA;NÄSHULTA;34.14;33.12;22.08;10.77;0.27;1.02
04 84  18;ESKILSTUNA;HUSBY-REKARNE;34.14;33.12;22.08;10.77;0.27;1.02
04 84  20;ESKILSTUNA;STENKVISTA-ÄRLA;34.37;33.16;22.08;10.77;0.31;1.21
04 84  21;ESKILSTUNA;KAFJÄRDEN;34.09;33.25;22.08;10.77;0.40;0.84
04 86  01;STRÄNGNÄS;STRÄNGNÄS DOMKYRKOFÖRS. MED ASPÖ;33.79;32.77;21.73;10.77;0.27;1.02
04 86  04;STRÄNGNÄS;MARIEFRED;33.81;32.70;21.73;10.77;0.20;1.11
04 86  06;STRÄNGNÄS;ÅKER-LÄNNA;34.04;32.75;21.73;10.77;0.25;1.29
04 86  07;STRÄNGNÄS;STALLARHOLMEN;34.14;32.74;21.73;10.77;0.24;1.40
04 86  14;STRÄNGNÄS;VÅRFRUBERGA-HÄRAD;34.27;32.85;21.73;10.77;0.35;1.42
04 88  02;TROSA;TROSA;33.18;32.21;21.26;10.77;0.18;0.97
05 09  02;ÖDESHÖG;ÖDESHÖG;33.77;32.66;21.60;10.70;0.36;1.11
05 12  01;YDRE;NORRA YDRE;34.40;32.87;21.70;10.70;0.47;1.53
05 12  03;YDRE;SUND-SVINHULT;34.40;32.87;21.70;10.70;0.47;1.53
05 12  04;YDRE;VÄSTRA RYD;34.40;32.87;21.70;10.70;0.47;1.53
05 13  01;KINDA;TIDERSRUM;33.435;32.145;20.95;10.70;0.495;1.29
05 13  02;KINDA;KISA;33.435;32.145;20.95;10.70;0.495;1.29
05 13  03;KINDA;VÄSTRA ENEBY;33.435;32.145;20.95;10.70;0.495;1.29
05 13  04;KINDA;HORN;33.435;32.145;20.95;10.70;0.495;1.29
05 13  05;KINDA;HYCKLINGE;33.435;32.145;20.95;10.70;0.495;1.29
05 13  09;KINDA;RIMFORSA;33.48;32.03;20.95;10.70;0.38;1.45
05 60  02;BOXHOLM;BOXHOLM;33.99;32.88;21.82;10.70;0.36;1.11
05 61  01;ÅTVIDABERG;ÅTVID;34.29;33.01;21.95;10.70;0.36;1.28
05 62  01;FINSPÅNG;FINSPÅNG;34.15;33.15;22.15;10.70;0.30;1.00
05 63  01;VALDEMARSVIK;VALDEMARSVIK;34.93;33.58;22.48;10.70;0.40;1.35
05 63  02;VALDEMARSVIK;RINGARUM;34.93;33.58;22.48;10.70;0.40;1.35
05 80  01;LINKÖPING;LINKÖPINGS DOMKYRKOFÖRS.;32.17;31.03;20.20;10.70;0.13;1.14
05 80  02;LINKÖPING;LINKÖPINGS S:T LARS;32.17;31.03;20.20;10.70;0.13;1.14
05 80  03;LINKÖPING;LANDERYD;32.17;31.03;20.20;10.70;0.13;1.14
05 80  04;LINKÖPING;SLAKA;32.251;30.99;20.20;10.70;0.09;1.261
05 80  05;LINKÖPING;KÄRNA;32.28;31.08;20.20;10.70;0.18;1.20
05 80  08;LINKÖPING;VIST;32.52;31.10;20.20;10.70;0.20;1.42
05 80  09;LINKÖPING;VÅRDNÄS;32.52;31.10;20.20;10.70;0.20;1.42
05 80  10;LINKÖPING;SKEDA;32.251;30.99;20.20;10.70;0.09;1.261
05 80  11;LINKÖPING;NYKIL-GAMMALKIL;32.251;30.99;20.20;10.70;0.09;1.261
05 80  12;LINKÖPING;ULRIKA;32.251;30.99;20.20;10.70;0.09;1.261
05 80  18;LINKÖPING;VIKINGSTAD;32.25;31.15;20.20;10.70;0.25;1.10
05 80  19;LINKÖPING;VRETA KLOSTER;32.40;31.19;20.20;10.70;0.29;1.21
05 80  24;LINKÖPING;ÅKERBO;32.40;31.04;20.20;10.70;0.14;1.36
05 80  33;LINKÖPING;LINKÖPINGS BERGA;32.17;31.03;20.20;10.70;0.13;1.14
05 80  34;LINKÖPING;LINKÖPINGS JOHANNELUND;32.17;31.03;20.20;10.70;0.13;1.14
05 80  35;LINKÖPING;LINKÖPINGS SKÄGGETORP;32.17;31.03;20.20;10.70;0.13;1.14
05 80  36;LINKÖPING;LINKÖPINGS RYD;32.17;31.03;20.20;10.70;0.13;1.14
05 80  37;LINKÖPING;GOTTFRIDSBERG;32.17;31.03;20.20;10.70;0.13;1.14
05 81  02;NORRKÖPING;NORRKÖPINGS S:T OLOF;33.62;32.65;21.75;10.70;0.20;0.97
05 81  04;NORRKÖPING;KOLMÅRDEN;33.62;32.65;21.75;10.70;0.20;0.97
05 81  05;NORRKÖPING;NORRKÖPINGS BORG;33.62;32.65;21.75;10.70;0.20;0.97
05 81  06;NORRKÖPING;NORRKÖPINGS S:T JOHANNES;33.62;32.65;21.75;10.70;0.20;0.97
05 81  19;NORRKÖPING;VÄSTRA VIKBOLANDET;34.20;32.75;21.75;10.70;0.30;1.45
05 81  25;NORRKÖPING;ÖSTRA HUSBY;34.32;32.77;21.75;10.70;0.32;1.55
05 81  27;NORRKÖPING;JONSBERG;34.32;32.77;21.75;10.70;0.32;1.55
05 82  01;SÖDERKÖPING;SÖDERKÖPING S:T ANNA;33.58;32.165;21.18;10.70;0.285;1.415
05 82  04;SÖDERKÖPING;ÖSTRA RYD;33.71;32.16;21.18;10.70;0.28;1.55
05 83  01;MOTALA;MOTALA;33.49;32.62;21.70;10.70;0.22;0.87
05 83  03;MOTALA;VÄSTRA NY;33.96;32.76;21.70;10.70;0.36;1.20
05 83  04;MOTALA;GODEGÅRD;33.96;32.76;21.70;10.70;0.36;1.20
05 83  06;MOTALA;BORENSBERG;33.96;32.76;21.70;10.70;0.36;1.20
05 83  07;MOTALA;KLOCKRIKE;33.96;32.76;21.70;10.70;0.36;1.20
05 83  09;MOTALA;FORNÅSA;33.96;32.76;21.70;10.70;0.36;1.20
05 83  22;MOTALA;TJÄLLMO;33.96;32.76;21.70;10.70;0.36;1.20
05 83  24;MOTALA;ASKA, DEL;33.96;32.76;21.70;10.70;0.36;1.20
05 84  01;VADSTENA;VADSTENA;35.14;33.91;22.80;10.70;0.41;1.23
05 84  08;VADSTENA;DAL;35.14;33.91;22.80;10.70;0.41;1.23
05 84  11;VADSTENA;ASKA, DEL;35.06;33.86;22.80;10.70;0.36;1.20
05 86  01;MJÖLBY;MJÖLBY;34.07;32.96;21.90;10.70;0.36;1.11
05 86  03;MJÖLBY;SKÄNNINGE;34.07;32.96;21.90;10.70;0.36;1.11
05 86  12;MJÖLBY;VÄDERSTAD;34.07;32.96;21.90;10.70;0.36;1.11
05 86  14;MJÖLBY;VÄSTRA HARG;34.07;32.96;21.90;10.70;0.36;1.11
05 86  16;MJÖLBY;ÖSTRA TOLLSTAD;34.07;32.96;21.90;10.70;0.36;1.11
05 86  17;MJÖLBY;VIBY;34.07;32.96;21.90;10.70;0.36;1.11
05 86  18;MJÖLBY;VETA;34.07;32.96;21.90;10.70;0.36;1.11
06 04  02;ANEBY;ANEBY;35.10;33.68;22.09;11.26;0.33;1.42
06 04  03;ANEBY;ASKERYD;35.10;33.68;22.09;11.26;0.33;1.42
06 04  05;ANEBY;FRINNARYD;35.10;33.68;22.09;11.26;0.33;1.42
06 04  06;ANEBY;LOMMARYD;35.10;33.68;22.09;11.26;0.33;1.42
06 04  08;ANEBY;HAURIDA-VIREDA;35.10;33.68;22.09;11.26;0.33;1.42
06 17  01;GNOSJÖ;KÄLLERYD;35.17;33.82;22.24;11.26;0.32;1.35
06 17  02;GNOSJÖ;ÅSENHÖGA;35.17;33.82;22.24;11.26;0.32;1.35
06 17  03;GNOSJÖ;KÄVSJÖ;35.17;33.82;22.24;11.26;0.32;1.35
06 17  04;GNOSJÖ;KULLTORP, DEL;35.11;33.81;22.24;11.26;0.31;1.30
06 17  05;GNOSJÖ;GNOSJÖ;34.78;33.72;22.24;11.26;0.22;1.06
06 42  03;MULLSJÖ;MULLSJÖ-SANDHEM;34.60;33.42;21.84;11.26;0.32;1.18
06 43  01;HABO;HABO;34.81;33.63;22.17;11.26;0.20;1.18
06 43  02;HABO;GUSTAV ADOLF;34.81;33.63;22.17;11.26;0.20;1.18
06 43  03;HABO;BRANDSTORP;34.81;33.63;22.17;11.26;0.20;1.18
06 62  01;GISLAVED;GISLAVED;34.86;33.68;22.13;11.26;0.29;1.18
06 62  02;GISLAVED;VÅTHULT;34.86;33.68;22.13;11.26;0.29;1.18
06 62  03;GISLAVED;BOSEBO;34.86;33.68;22.13;11.26;0.29;1.18
06 62  04;GISLAVED;ANDERSTORP;34.86;33.68;22.13;11.26;0.29;1.18
06 62  08;GISLAVED;NORRA HESTRA;34.86;33.68;22.13;11.26;0.29;1.18
06 62  09;GISLAVED;VILLSTAD;34.86;33.68;22.13;11.26;0.29;1.18
06 62  10;GISLAVED;BURSERYD;34.86;33.68;22.13;11.26;0.29;1.18
06 62  16;GISLAVED;VÄSTBO S:T SIGFRID;34.86;33.68;22.13;11.26;0.29;1.18
06 65  01;VAGGERYD;BYARUM-BONDSTORP;33.79;32.70;21.19;11.26;0.25;1.09
06 65  03;VAGGERYD;SKILLINGARYD;33.85;32.74;21.19;11.26;0.29;1.11
06 65  06;VAGGERYD;SVENARUM;33.79;32.70;21.19;11.26;0.25;1.09
06 80  01;JÖNKÖPING;JÖNKÖPINGS SOFIA-JÄRSTORP;33.87;32.86;21.34;11.26;0.26;1.01
06 80  02;JÖNKÖPING;JÖNKÖPINGS KRISTINA-LJUNGARUM;33.87;32.86;21.34;11.26;0.26;1.01
06 80  05;JÖNKÖPING;HUSKVARNA;33.93;32.87;21.34;11.26;0.27;1.06
06 80  06;JÖNKÖPING;HAKARP;33.93;32.87;21.34;11.26;0.27;1.06
06 80  07;JÖNKÖPING;GRÄNNA;34.38;32.95;21.34;11.26;0.35;1.43
06 80  08;JÖNKÖPING;NORRAHAMMAR;33.91;32.71;21.34;11.26;0.11;1.20
06 80  09;JÖNKÖPING;VISINGSÖ;34.38;32.95;21.34;11.26;0.35;1.43
06 80  10;JÖNKÖPING;SKÄRSTAD-ÖLMSTAD;34.15;32.87;21.34;11.26;0.27;1.28
06 80  14;JÖNKÖPING;LEKERYD;34.40;32.90;21.34;11.26;0.30;1.50
06 80  15;JÖNKÖPING;ROGBERGA-ÖGGESTORP;34.26;32.90;21.34;11.26;0.30;1.36
06 80  16;JÖNKÖPING;BARNARP;34.15;32.80;21.34;11.26;0.20;1.35
06 80  17;JÖNKÖPING;ÖDESTUGU;34.15;32.80;21.34;11.26;0.20;1.35
06 80  19;JÖNKÖPING;MÅNSARP;33.95;32.77;21.34;11.26;0.17;1.18
06 80  20;JÖNKÖPING;BANKERYD;34.10;32.77;21.34;11.26;0.17;1.33
06 80  21;JÖNKÖPING;NORRA MO;34.14;32.98;21.34;11.26;0.38;1.16
06 82  01;NÄSSJÖ;NÄSSJÖ;34.65;33.75;22.19;11.26;0.30;0.90
06 82  03;NÄSSJÖ;NORRA SANDSJÖ;34.65;33.75;22.19;11.26;0.30;0.90
06 82  04;NÄSSJÖ;BRINGETOFTA;34.65;33.75;22.19;11.26;0.30;0.90
06 82  05;NÄSSJÖ;NORRA SOLBERGA-FLISBY;35.20;33.80;22.19;11.26;0.35;1.40
06 82  07;NÄSSJÖ;BARKERYD-FORSERUM;34.65;33.75;22.19;11.26;0.30;0.90
06 82  09;NÄSSJÖ;MALMBÄCK;34.65;33.75;22.19;11.26;0.30;0.90
06 82  10;NÄSSJÖ;ALMESÅKRA;34.65;33.75;22.19;11.26;0.30;0.90
06 83  01;VÄRNAMO;VÄRNAMO;33.94;33.00;21.52;11.26;0.22;0.94
06 83  02;VÄRNAMO;BREDARYD;34.39;33.09;21.52;11.26;0.31;1.30
06 83  03;VÄRNAMO;KULLTORP, DEL;34.39;33.09;21.52;11.26;0.31;1.30
06 83  06;VÄRNAMO;FORSHEDABYGDEN;34.58;33.08;21.52;11.26;0.30;1.50
06 83  09;VÄRNAMO;TÅNNÖ;34.70;33.21;21.52;11.26;0.43;1.49
06 83  10;VÄRNAMO;VOXTORP;34.70;33.21;21.52;11.26;0.43;1.49
06 83  11;VÄRNAMO;GÄLLARYD;34.70;33.21;21.52;11.26;0.43;1.49
06 83  12;VÄRNAMO;RYDAHOLM;34.23;33.03;21.52;11.26;0.25;1.20
06 83  13;VÄRNAMO;NYDALA-FRYELE;33.94;33.00;21.52;11.26;0.22;0.94
06 84  01;SÄVSJÖ;SÄVSJÖ;34.75;33.50;21.92;11.26;0.32;1.25
06 84  03;SÄVSJÖ;VRIGSTAD-HYLLETOFTA;34.75;33.50;21.92;11.26;0.32;1.25
06 84  06;SÄVSJÖ;HJÄLMSERYD;34.75;33.50;21.92;11.26;0.32;1.25
06 84  07;SÄVSJÖ;STOCKARYD;34.75;33.50;21.92;11.26;0.32;1.25
06 84  08;SÄVSJÖ;HULTSJÖ;34.75;33.50;21.92;11.26;0.32;1.25
06 85  01;VETLANDA;VETLANDA;34.25;33.00;21.51;11.26;0.23;1.25
06 85  03;VETLANDA;BÄCKSEDA;34.63;33.19;21.51;11.26;0.42;1.44
06 85  04;VETLANDA;NÄSBY;34.25;33.00;21.51;11.26;0.23;1.25
06 85  09;VETLANDA;KORSBERGA;34.63;33.19;21.51;11.26;0.42;1.44
06 85  14;VETLANDA;NYE, NÄSHULT OCH STENBERGA;34.63;33.19;21.51;11.26;0.42;1.44
06 85  15;VETLANDA;ALSEDA;34.69;33.24;21.51;11.26;0.47;1.45
06 85  19;VETLANDA;BJÖRKÖ;34.25;33.00;21.51;11.26;0.23;1.25
06 85  20;VETLANDA;NÄVELSJÖ;34.25;33.00;21.51;11.26;0.23;1.25
06 85  21;VETLANDA;LANNASKEDE;34.24;33.07;21.51;11.26;0.30;1.17
06 86  01;EKSJÖ;EKSJÖ;35.27;33.87;22.26;11.26;0.35;1.40
06 86  02;EKSJÖ;HÄSSLEBY-KRÅKSHULT;35.27;33.87;22.26;11.26;0.35;1.40
06 86  05;EKSJÖ;INGATORP-BELLÖ;35.27;33.87;22.26;11.26;0.35;1.40
06 86  06;EKSJÖ;HULT;35.27;33.87;22.26;11.26;0.35;1.40
06 86  07;EKSJÖ;EDSHULT;35.27;33.87;22.26;11.26;0.35;1.40
06 86  08;EKSJÖ;MELLBY;35.27;33.87;22.26;11.26;0.35;1.40
06 86  09;EKSJÖ;HÖREDA;35.27;33.87;22.26;11.26;0.35;1.40
06 87  01;TRANÅS;SÄBY;33.91;32.91;21.41;11.26;0.24;1.00
06 87  02;TRANÅS;ADELÖV;33.91;32.91;21.41;11.26;0.24;1.00
06 87  03;TRANÅS;LINDERÅS;33.91;32.91;21.41;11.26;0.24;1.00
07 60  01;UPPVIDINGE;ÅSEDA;34.89;33.54;21.61;11.60;0.33;1.35
07 60  03;UPPVIDINGE;LENHOVDA-HERRÅKRA;34.89;33.54;21.61;11.60;0.33;1.35
07 60  04;UPPVIDINGE;NOTTEBÄCK;34.89;33.54;21.61;11.60;0.33;1.35
07 60  05;UPPVIDINGE;ÄLGHULT;34.89;33.54;21.61;11.60;0.33;1.35
07 61  01;LESSEBO;LESSEBO;35.09;33.76;21.81;11.60;0.35;1.33
07 61  02;LESSEBO;HOVMANTORP;35.09;33.76;21.81;11.60;0.35;1.33
07 61  03;LESSEBO;EKEBERGA;35.09;33.76;21.81;11.60;0.35;1.33
07 61  04;LESSEBO;LJUDER;35.09;33.76;21.81;11.60;0.35;1.33
07 63  01;TINGSRYD;TINGSÅS;34.45;33.10;21.07;11.60;0.43;1.35
07 63  02;TINGSRYD;ALMUNDSRYD;34.45;33.10;21.07;11.60;0.43;1.35
07 63  03;TINGSRYD;ÄLMEBODA;34.45;33.10;21.07;11.60;0.43;1.35
07 63  04;TINGSRYD;LINNERYD;34.45;33.10;21.07;11.60;0.43;1.35
07 63  05;TINGSRYD;SÖDRA SANDSJÖ;34.45;33.10;21.07;11.60;0.43;1.35
07 63  06;TINGSRYD;VÄCKELSÅNG;34.45;33.10;21.07;11.60;0.43;1.35
07 63  07;TINGSRYD;URSHULT;34.45;33.10;21.07;11.60;0.43;1.35
07 64  01;ALVESTA;ALVESTA;34.37;33.32;21.42;11.60;0.30;1.05
07 64  05;ALVESTA;MOHEDA;34.66;33.44;21.42;11.60;0.42;1.22
07 64  06;ALVESTA;SLÄTTHÖG;34.66;33.44;21.42;11.60;0.42;1.22
07 64  07;ALVESTA;MISTELÅS;34.66;33.44;21.42;11.60;0.42;1.22
07 64  08;ALVESTA;BLÄDINGE;34.72;33.47;21.42;11.60;0.45;1.25
07 64  09;ALVESTA;VISLANDA;34.72;33.47;21.42;11.60;0.45;1.25
07 64  10;ALVESTA;SKATELÖV;34.77;33.45;21.42;11.60;0.43;1.32
07 64  11;ALVESTA;VÄSTRA TORSÅS;34.77;33.45;21.42;11.60;0.43;1.32
07 65  01;ÄLMHULT;ÄLMHULT;33.94;32.88;20.96;11.60;0.32;1.06
07 65  02;ÄLMHULT;HÄRLUNDA;34.24;32.96;20.96;11.60;0.40;1.28
07 65  03;ÄLMHULT;VIRESTAD;34.24;32.96;20.96;11.60;0.40;1.28
07 65  04;ÄLMHULT;STENBROHULT;34.01;32.80;20.96;11.60;0.24;1.21
07 65  05;ÄLMHULT;GÖTERYD;34.26;32.89;20.96;11.60;0.33;1.37
07 65  06;ÄLMHULT;PJÄTTERYD;34.26;32.89;20.96;11.60;0.33;1.37
07 65  07;ÄLMHULT;HALLARYD;34.26;32.89;20.96;11.60;0.33;1.37
07 67  01;MARKARYD;MARKARYD;34.21;33.16;21.31;11.60;0.25;1.05
07 67  02;MARKARYD;HINNERYD;34.65;33.31;21.31;11.60;0.40;1.34
07 67  03;MARKARYD;TRARYD;34.65;33.31;21.31;11.60;0.40;1.34
07 80  01;VÄXJÖ;VÄXJÖ STADS- OCH DOMKYRKOFÖRS.;33.12;32.07;20.19;11.60;0.28;1.05
07 80  03;VÄXJÖ;SJÖSÅS;33.12;32.07;20.19;11.60;0.28;1.05
07 80  06;VÄXJÖ;DÄDESJÖ;33.12;32.07;20.19;11.60;0.28;1.05
07 80  07;VÄXJÖ;HEMMESJÖ-FURUBY;33.12;32.07;20.19;11.60;0.28;1.05
07 80  08;VÄXJÖ;INGELSTAD;33.12;32.07;20.19;11.60;0.28;1.05
07 80  12;VÄXJÖ;KALVSVIK;33.12;32.07;20.19;11.60;0.28;1.05
07 80  13;VÄXJÖ;TÄVELSÅS;33.12;32.07;20.19;11.60;0.28;1.05
07 80  15;VÄXJÖ;VEDERSLÖV;33.12;32.07;20.19;11.60;0.28;1.05
07 80  16;VÄXJÖ;GEMLA;33.12;32.07;20.19;11.60;0.28;1.05
07 80  18;VÄXJÖ;ÖJABY;33.12;32.07;20.19;11.60;0.28;1.05
07 80  20;VÄXJÖ;GÅRDSBY;33.12;32.07;20.19;11.60;0.28;1.05
07 80  21;VÄXJÖ;SÖRABY;33.12;32.07;20.19;11.60;0.28;1.05
07 80  24;VÄXJÖ;LAMMHULT;33.12;32.07;20.19;11.60;0.28;1.05
07 81  01;LJUNGBY;LJUNGBY;34.12;33.07;21.07;11.60;0.40;1.05
07 81  02;LJUNGBY;AGUNNARYD;34.52;33.07;21.07;11.60;0.40;1.45
07 81  03;LJUNGBY;RYSSBY;34.52;33.07;21.07;11.60;0.40;1.45
07 81  04;LJUNGBY;TUTARYD;34.52;33.07;21.07;11.60;0.40;1.45
07 81  07;LJUNGBY;SÖDRA LJUNGA;34.44;33.09;21.07;11.60;0.42;1.35
07 81  08;LJUNGBY;BERGA;34.57;33.16;21.07;11.60;0.49;1.41
07 81  09;LJUNGBY;DÖRARP;34.57;33.16;21.07;11.60;0.49;1.41
07 81  10;LJUNGBY;VITTARYD;34.57;33.16;21.07;11.60;0.49;1.41
07 81  11;LJUNGBY;ANGELSTAD;34.12;33.07;21.07;11.60;0.40;1.05
07 81  12;LJUNGBY;ANNERSTAD;34.12;33.07;21.07;11.60;0.40;1.05
07 81  14;LJUNGBY;TORPA;34.12;33.07;21.07;11.60;0.40;1.05
07 81  15;LJUNGBY;VRÅ;34.12;33.07;21.07;11.60;0.40;1.05
07 81  16;LJUNGBY;LIDHULT;34.12;33.07;21.07;11.60;0.40;1.05
07 81  17;LJUNGBY;ODENSJÖ;34.12;33.07;21.07;11.60;0.40;1.05
07 81  18;LJUNGBY;BOLMSÖ;34.57;33.16;21.07;11.60;0.49;1.41
07 81  19;LJUNGBY;TANNÅKER;34.57;33.16;21.07;11.60;0.49;1.41
07 81  20;LJUNGBY;LJUNGBY MARIA;34.12;33.07;21.07;11.60;0.40;1.05
08 21  01;HÖGSBY;FÅGELFORS;34.69;33.47;21.71;11.37;0.39;1.22
08 21  02;HÖGSBY;HÖGSBY;34.69;33.47;21.71;11.37;0.39;1.22
08 21  03;HÖGSBY;LÅNGEMÅLA;34.69;33.47;21.71;11.37;0.39;1.22
08 21  04;HÖGSBY;FAGERHULT;34.69;33.47;21.71;11.37;0.39;1.22
08 34  01;TORSÅS;GULLABO;34.33;33.08;21.43;11.37;0.28;1.25
08 34  02;TORSÅS;TORSÅS;34.33;33.08;21.43;11.37;0.28;1.25
08 34  04;TORSÅS;SÖDERÅKRA;34.33;33.08;21.43;11.37;0.28;1.25
08 40  01;MÖRBYLÅNGA;RESMO-VICKLEBY;34.58;33.03;21.41;11.37;0.25;1.55
08 40  03;MÖRBYLÅNGA;MÖRBYLÅNGA-KASTLÖSA;34.58;33.03;21.41;11.37;0.25;1.55
08 40  05;MÖRBYLÅNGA;HULTERSTAD-STENÅSA;34.58;33.03;21.41;11.37;0.25;1.55
08 40  08;MÖRBYLÅNGA;SYDÖLAND;34.58;33.03;21.41;11.37;0.25;1.55
08 40  13;MÖRBYLÅNGA;GLÖMMINGE;34.58;33.03;21.41;11.37;0.25;1.55
08 40  14;MÖRBYLÅNGA;ALGUTSRUM;34.58;33.03;21.41;11.37;0.25;1.55
08 40  15;MÖRBYLÅNGA;TORSLUNDA;34.58;33.03;21.41;11.37;0.25;1.55
08 40  16;MÖRBYLÅNGA;NORRA MÖCKLEBY, SANDBY OCH GÅRDBY;34.58;33.03;21.41;11.37;0.25;1.55
08 60  01;HULTSFRED;HULTSFRED;34.88;33.60;21.91;11.37;0.32;1.28
08 60  02;HULTSFRED;LÖNNEBERGA;34.88;33.60;21.91;11.37;0.32;1.28
08 60  03;HULTSFRED;MÅLILLA MED GÅRDVEDA;34.88;33.60;21.91;11.37;0.32;1.28
08 60  04;HULTSFRED;JÄREDA;34.88;33.60;21.91;11.37;0.32;1.28
08 60  05;HULTSFRED;VIRSERUM;34.88;33.60;21.91;11.37;0.32;1.28
08 60  06;HULTSFRED;VENA;34.88;33.60;21.91;11.37;0.32;1.28
08 60  08;HULTSFRED;MÖRLUNDA-TVETA;34.88;33.60;21.91;11.37;0.32;1.28
08 61  01;MÖNSTERÅS;MÖNSTERÅS;34.12;33.10;21.41;11.37;0.32;1.02
08 61  02;MÖNSTERÅS;FLISERYD;34.12;33.10;21.41;11.37;0.32;1.02
08 61  03;MÖNSTERÅS;ÅLEM;34.04;33.02;21.41;11.37;0.24;1.02
08 62  01;EMMABODA;EMMABODA;34.50;33.40;21.71;11.37;0.32;1.10
08 62  02;EMMABODA;VISSEFJÄRDA;34.50;33.40;21.71;11.37;0.32;1.10
08 62  03;EMMABODA;ALGUTSBODA;34.50;33.40;21.71;11.37;0.32;1.10
08 62  04;EMMABODA;LÅNGASJÖ;34.50;33.40;21.71;11.37;0.32;1.10
08 80  01;KALMAR;KALMAR DOMKYRKOFÖRS.;34.58;33.45;21.81;11.37;0.27;1.13
08 80  02;KALMAR;FÖRLÖSA-KLÄCKEBERGA;34.22;33.35;21.81;11.37;0.17;0.87
08 80  03;KALMAR;DÖRBY;34.59;33.42;21.81;11.37;0.24;1.17
08 80  04;KALMAR;HOSSMO;34.59;33.42;21.81;11.37;0.24;1.17
08 80  05;KALMAR;RYSSBY;34.63;33.48;21.81;11.37;0.30;1.15
08 80  06;KALMAR;ÅBY;34.63;33.48;21.81;11.37;0.30;1.15
08 80  08;KALMAR;LJUNGBY;34.87;33.51;21.81;11.37;0.33;1.36
08 80  09;KALMAR;ARBY-HAGBY;34.87;33.51;21.81;11.37;0.33;1.36
08 80  11;KALMAR;HALLTORP-VOXTORP;34.87;33.51;21.81;11.37;0.33;1.36
08 80  13;KALMAR;KARLSLUNDA-MORTORP;34.87;33.51;21.81;11.37;0.33;1.36
08 80  15;KALMAR;KALMAR S:T JOHANNES;34.58;33.45;21.81;11.37;0.27;1.13
08 80  16;KALMAR;HELIGA KORSET;34.58;33.45;21.81;11.37;0.27;1.13
08 80  17;KALMAR;S:TA BIRGITTA;34.58;33.45;21.81;11.37;0.27;1.13
08 80  18;KALMAR;TVÅ SYSTRAR;34.58;33.45;21.81;11.37;0.27;1.13
08 81  01;NYBRO;NYBRO-S:T SIGFRID;35.21;34.04;22.33;11.37;0.34;1.17
08 81  02;NYBRO;KRÅKSMÅLA;35.21;34.04;22.33;11.37;0.34;1.17
08 81  03;NYBRO;BÄCKEBO;35.21;34.04;22.33;11.37;0.34;1.17
08 81  04;NYBRO;KRISTVALLA;35.21;34.04;22.33;11.37;0.34;1.17
08 81  05;NYBRO;MADESJÖ;35.21;34.04;22.33;11.37;0.34;1.17
08 81  06;NYBRO;ÖRSJÖ;35.21;34.04;22.33;11.37;0.34;1.17
08 81  08;NYBRO;OSKAR;35.21;34.04;22.33;11.37;0.34;1.17
08 81  09;NYBRO;HÄLLEBERGA;35.21;34.04;22.33;11.37;0.34;1.17
08 82  01;OSKARSHAMN;OSKARSHAMN;34.73;33.85;22.26;11.37;0.22;0.88
08 82  03;OSKARSHAMN;MISTERHULT;35.29;33.99;22.26;11.37;0.36;1.30
08 82  05;OSKARSHAMN;DÖDERHULT;35.08;33.88;22.26;11.37;0.25;1.20
08 83  01;VÄSTERVIK;VÄSTERVIK;34.19;32.89;21.16;11.37;0.36;1.30
08 83  02;VÄSTERVIK;TÖRNSFALL;34.19;32.89;21.16;11.37;0.36;1.30
08 83  03;VÄSTERVIK;GLADHAMMAR-VÄSTRUM;34.19;32.89;21.16;11.37;0.36;1.30
08 83  05;VÄSTERVIK;UKNA;34.58;33.08;21.16;11.37;0.55;1.50
08 83  06;VÄSTERVIK;DALHEM;34.58;33.08;21.16;11.37;0.55;1.50
08 83  07;VÄSTERVIK;ÖVERUM;34.58;33.08;21.16;11.37;0.55;1.50
08 83  08;VÄSTERVIK;VÄSTRA ED;34.58;33.08;21.16;11.37;0.55;1.50
08 83  09;VÄSTERVIK;LOFTAHAMMAR;34.58;33.08;21.16;11.37;0.55;1.50
08 83  10;VÄSTERVIK;LOFTA;34.58;33.08;21.16;11.37;0.55;1.50
08 83  11;VÄSTERVIK;GAMLEBY;34.58;33.08;21.16;11.37;0.55;1.50
08 83  12;VÄSTERVIK;ODENSVI;34.58;33.08;21.16;11.37;0.55;1.50
08 83  14;VÄSTERVIK;HALLINGEBERG-BLACKSTAD;34.19;32.89;21.16;11.37;0.36;1.30
08 83  15;VÄSTERVIK;HJORTED;34.19;32.89;21.16;11.37;0.36;1.30
08 84  01;VIMMERBY;VIMMERBY;35.34;34.02;22.36;11.37;0.29;1.32
08 84  03;VIMMERBY;RUMSKULLA;35.34;34.02;22.36;11.37;0.29;1.32
08 84  04;VIMMERBY;PELARNE;35.34;34.02;22.36;11.37;0.29;1.32
08 84  05;VIMMERBY;FRÖDINGE;35.34;34.02;22.36;11.37;0.29;1.32
08 84  06;VIMMERBY;LOCKNEVI;35.34;34.02;22.36;11.37;0.29;1.32
08 84  08;VIMMERBY;SÖDRA VI-DJURSDALA;35.48;34.15;22.36;11.37;0.42;1.33
08 84  09;VIMMERBY;TUNA;35.34;34.02;22.36;11.37;0.29;1.32
08 85  01;BORGHOLM;BORGHOLM;34.90;33.36;21.58;11.37;0.41;1.54
08 85  02;BORGHOLM;FÖRA-ALBÖKE-LÖT;34.90;33.36;21.58;11.37;0.41;1.54
08 85  07;BORGHOLM;KÖPINGSVIK;34.90;33.36;21.58;11.37;0.41;1.54
08 85  09;BORGHOLM;RÄPPLINGE-HÖGSRUM;34.90;33.36;21.58;11.37;0.41;1.54
08 85  10;BORGHOLM;GÄRDSLÖSA, LÅNGLÖT OCH RUNSTEN;34.90;33.36;21.58;11.37;0.41;1.54
08 85  14;BORGHOLM;NORDÖLAND;34.90;33.36;21.58;11.37;0.41;1.54
09 80  01;GOTLAND;VISBY DOMKYRKOFÖRS.;35.28;33.83;33.60;0.00;0.23;1.45
09 80  02;GOTLAND;OTHEM-BOGE;35.64;33.98;33.60;0.00;0.38;1.66
09 80  04;GOTLAND;FÅRÖ;35.64;33.98;33.60;0.00;0.38;1.66
09 80  05;GOTLAND;BUNGE, RUTE OCH FLERINGE;35.64;33.98;33.60;0.00;0.38;1.66
09 80  10;GOTLAND;FORSA;35.64;33.98;33.60;0.00;0.38;1.66
09 80  15;GOTLAND;STENKYRKA;35.64;33.98;33.60;0.00;0.38;1.66
09 80  18;GOTLAND;VÄSKINDE;35.64;33.98;33.60;0.00;0.38;1.66
09 80  25;GOTLAND;GOTHEM;35.64;33.98;33.60;0.00;0.38;1.66
09 80  29;GOTLAND;DALHEM;35.77;34.04;33.60;0.00;0.44;1.73
09 80  30;GOTLAND;BARLINGBO;35.77;34.04;33.60;0.00;0.44;1.73
09 80  31;GOTLAND;ENDRE;35.77;34.04;33.60;0.00;0.44;1.73
09 80  32;GOTLAND;HEJDEBY;35.77;34.04;33.60;0.00;0.44;1.73
09 80  33;GOTLAND;FOLLINGBO;35.77;34.04;33.60;0.00;0.44;1.73
09 80  34;GOTLAND;AKEBÄCK;35.77;34.04;33.60;0.00;0.44;1.73
09 80  35;GOTLAND;ROMA;35.77;34.04;33.60;0.00;0.44;1.73
09 80  36;GOTLAND;BJÖRKE;35.77;34.04;33.60;0.00;0.44;1.73
09 80  40;GOTLAND;VÄNGE;35.77;34.04;33.60;0.00;0.44;1.73
09 80  47;GOTLAND;ÖSTERGARN;35.77;34.04;33.60;0.00;0.44;1.73
09 80  48;GOTLAND;STENKUMLA;35.22;33.79;33.60;0.00;0.19;1.43
09 80  50;GOTLAND;VALL, HOGRÄN OCH ATLINGBO;35.31;33.91;33.60;0.00;0.31;1.40
09 80  55;GOTLAND;ESKELHEM-TOFTA;35.31;33.91;33.60;0.00;0.31;1.40
09 80  57;GOTLAND;SANDA, VÄSTERGARN OCH MÄSTERBY;35.59;33.90;33.60;0.00;0.30;1.69
09 80  59;GOTLAND;VÄTE;35.59;33.90;33.60;0.00;0.30;1.69
09 80  60;GOTLAND;HEJDE;35.59;33.90;33.60;0.00;0.30;1.69
09 80  61;GOTLAND;KLINTE;35.59;33.90;33.60;0.00;0.30;1.69
09 80  62;GOTLAND;FRÖJEL;35.59;33.90;33.60;0.00;0.30;1.69
09 80  63;GOTLAND;EKSTA;35.59;33.90;33.60;0.00;0.30;1.69
09 80  64;GOTLAND;SPROGE;35.59;33.90;33.60;0.00;0.30;1.69
09 80  65;GOTLAND;GARDE;35.68;34.08;33.60;0.00;0.48;1.60
09 80  71;GOTLAND;NÄR-LAU;35.46;33.97;33.60;0.00;0.37;1.49
09 80  73;GOTLAND;STÅNGA-BURS;35.46;33.97;33.60;0.00;0.37;1.49
09 80  74;GOTLAND;LOJSTA;35.79;34.08;33.60;0.00;0.48;1.71
09 80  75;GOTLAND;LINDE;35.79;34.08;33.60;0.00;0.48;1.71
09 80  76;GOTLAND;ALVA, HEMSE OCH RONE;35.55;34.00;33.60;0.00;0.40;1.55
09 80  79;GOTLAND;FARDHEM;35.79;34.08;33.60;0.00;0.48;1.71
09 80  80;GOTLAND;GERUM;35.79;34.08;33.60;0.00;0.48;1.71
09 80  81;GOTLAND;LEVIDE;35.79;34.08;33.60;0.00;0.48;1.71
09 80  84;GOTLAND;HAVDHEM;35.56;34.10;33.60;0.00;0.50;1.46
09 80  89;GOTLAND;HOBURG;35.70;34.20;33.60;0.00;0.60;1.50
10 60  02;OLOFSTRÖM;JÄMSHÖG;34.78;33.60;22.16;11.19;0.25;1.18
10 60  03;OLOFSTRÖM;KYRKHULT;34.90;33.75;22.16;11.19;0.40;1.15
10 80  01;KARLSKRONA;KARLSKRONA STADSFÖRS.;34.65;33.65;22.10;11.19;0.36;1.00
10 80  04;KARLSKRONA;ASPÖ;34.65;33.65;22.10;11.19;0.36;1.00
10 80  06;KARLSKRONA;LYCKÅ;34.45;33.51;22.10;11.19;0.22;0.94
10 80  08;KARLSKRONA;KRISTIANOPEL;34.65;33.57;22.10;11.19;0.28;1.08
10 80  09;KARLSKRONA;JÄMJÖ;34.65;33.57;22.10;11.19;0.28;1.08
10 80  10;KARLSKRONA;TORHAMN;34.65;33.57;22.10;11.19;0.28;1.08
10 80  11;KARLSKRONA;STURKÖ;34.65;33.57;22.10;11.19;0.28;1.08
10 80  12;KARLSKRONA;RAMDALA;34.65;33.57;22.10;11.19;0.28;1.08
10 80  14;KARLSKRONA;RÖDEBY;34.65;33.53;22.10;11.19;0.24;1.12
10 80  15;KARLSKRONA;FRIDLEVSTAD;34.79;33.68;22.10;11.19;0.39;1.11
10 80  18;KARLSKRONA;NÄTTRABY-HASSLÖ;34.55;33.59;22.10;11.19;0.30;0.96
10 81  01;RONNEBY;RONNEBY;35.03;33.91;22.36;11.19;0.36;1.12
10 81  10;RONNEBY;BRÄKNE-HOBY;35.03;33.91;22.36;11.19;0.36;1.12
10 82  01;KARLSHAMN;KARLSHAMN;34.72;33.76;22.21;11.19;0.36;0.96
10 82  02;KARLSHAMN;RINGAMÅLA;34.72;33.67;22.21;11.19;0.27;1.05
10 82  03;KARLSHAMN;HÄLLARYD;34.72;33.76;22.21;11.19;0.36;0.96
10 82  04;KARLSHAMN;ÅRYD;34.72;33.76;22.21;11.19;0.36;0.96
10 82  05;KARLSHAMN;ASARUM;34.72;33.67;22.21;11.19;0.27;1.05
10 82  06;KARLSHAMN;MÖRRUM-ELLEHOLM;34.85;33.72;22.21;11.19;0.32;1.13
10 83  01;SÖLVESBORG;SÖLVESBORG;34.61;33.70;22.27;11.19;0.24;0.91
10 83  04;SÖLVESBORG;MJÄLLBY;34.79;33.72;22.27;11.19;0.26;1.07
12 14  02;SVALÖV;SVALÖV;32.91;31.64;20.49;10.69;0.46;1.27
12 14  05;SVALÖV;KÅGERÖD-RÖSTÅNGA;32.96;31.56;20.49;10.69;0.38;1.40
12 14  08;SVALÖV;BILLEBERGA-SIREKÖPINGE;32.91;31.64;20.49;10.69;0.46;1.27
12 14  10;SVALÖV;TECKOMATORP;32.91;31.64;20.49;10.69;0.46;1.27
12 30  06;STAFFANSTORP;UPPÅKRA;31.26;30.07;19.14;10.69;0.24;1.19
12 30  13;STAFFANSTORP;S:T STAFFAN;30.85;29.98;19.14;10.69;0.15;0.87
12 31  01;BURLÖV;BURLÖV;31.83;30.98;20.09;10.69;0.20;0.85
12 33  04;VELLINGE;VELLINGE-MÅNSTORP;30.52;29.43;18.50;10.69;0.24;1.09
12 33  05;VELLINGE;SKANÖR-FALSTERBO;30.43;29.44;18.50;10.69;0.25;0.99
12 33  09;VELLINGE;HÖLLVIKEN;30.08;29.32;18.50;10.69;0.13;0.76
12 56  01;ÖSTRA GÖINGE;KNISLINGE-GRYT;33.07;32.00;20.99;10.69;0.32;1.07
12 56  03;ÖSTRA GÖINGE;KVIINGE;33.07;32.00;20.99;10.69;0.32;1.07
12 56  04;ÖSTRA GÖINGE;HJÄRSÅS;33.26;32.04;20.99;10.69;0.36;1.22
12 56  06;ÖSTRA GÖINGE;BROBY-EMMISLÖV;33.33;32.10;20.99;10.69;0.42;1.23
12 56  07;ÖSTRA GÖINGE;GLIMÅKRA;33.26;32.04;20.99;10.69;0.36;1.22
12 57  01;ÖRKELLJUNGA;ÖRKELLJUNGA;31.07;29.95;19.06;10.69;0.20;1.12
12 57  02;ÖRKELLJUNGA;RYA;31.07;29.95;19.06;10.69;0.20;1.12
12 57  03;ÖRKELLJUNGA;SKÅNES-FAGERHULT;31.07;29.95;19.06;10.69;0.20;1.12
12 60  01;BJUV;BJUV;32.81;31.81;20.89;10.69;0.23;1.00
12 60  04;BJUV;EKEBY;32.76;31.87;20.89;10.69;0.29;0.89
12 61  01;KÄVLINGE;KÄVLINGE;30.48;29.39;18.51;10.69;0.19;1.09
12 61  03;KÄVLINGE;VÄSTRA KARABY OCH DAGSTORP;30.03;29.38;18.51;10.69;0.18;0.65
12 61  04;KÄVLINGE;LACKALÄNGA-STÄVIE;30.63;29.25;18.51;10.69;0.05;1.38
12 61  10;KÄVLINGE;HOFTERUP;30.03;29.38;18.51;10.69;0.18;0.65
12 61  12;KÄVLINGE;LÖDDEBYGDEN;30.46;29.39;18.51;10.69;0.19;1.07
12 62  01;LOMMA;LOMMA;31.34;30.52;19.64;10.69;0.19;0.82
12 62  05;LOMMA;BJÄRRED;31.61;30.53;19.64;10.69;0.20;1.08
12 63  01;SVEDALA;SVEDALA;32.03;31.15;20.24;10.69;0.22;0.88
12 63  07;SVEDALA;VÄRBY;32.06;31.14;20.24;10.69;0.21;0.92
12 64  01;SKURUP;SKURUP;32.09;31.01;20.02;10.69;0.30;1.08
12 64  06;SKURUP;SKIVARP;32.34;31.06;20.02;10.69;0.35;1.28
12 64  12;SKURUP;VILLIE;32.39;31.28;20.02;10.69;0.57;1.11
12 65  03;SJÖBO;SJÖBO;32.79;31.91;20.92;10.69;0.30;0.88
12 65  05;SJÖBO;BLENTARP;33.19;32.01;20.92;10.69;0.40;1.18
12 65  10;SJÖBO;LÖVESTAD;33.29;32.18;20.92;10.69;0.57;1.11
12 65  11;SJÖBO;VOLLSJÖ;33.47;32.21;20.92;10.69;0.60;1.26
12 66  02;HÖRBY;HÖRBY;33.30;32.17;21.08;10.69;0.40;1.13
12 67  02;HÖÖR;HÖÖR;33.10;31.97;20.93;10.69;0.35;1.13
12 67  04;HÖÖR;RINGSJÖ, DEL;33.13;31.95;20.93;10.69;0.33;1.18
12 70  05;TOMELILLA;TOMELILLABYGDEN;32.82;31.71;20.61;10.69;0.41;1.11
12 70  09;TOMELILLA;SMEDSTORP;33.28;31.84;20.61;10.69;0.54;1.44
12 70  14;TOMELILLA;BRÖSARP-TRANÅS;33.07;31.75;20.61;10.69;0.45;1.32
12 72  01;BROMÖLLA;IVETOFTA-GUALÖV;33.73;32.78;21.76;10.69;0.33;0.95
12 72  03;BROMÖLLA;NÄSUM;33.73;32.78;21.76;10.69;0.33;0.95
12 73  01;OSBY;OSBY-VISSELTOFTA;34.23;33.19;22.26;10.69;0.24;1.04
12 73  02;OSBY;ÖRKENED;34.36;33.32;22.26;10.69;0.37;1.04
12 73  03;OSBY;LOSHULT;34.23;33.19;22.26;10.69;0.24;1.04
12 75  01;PERSTORP;PERSTORP;33.03;31.83;20.81;10.69;0.33;1.20
12 76  01;KLIPPAN;KLIPPAN;32.87;31.72;20.75;10.69;0.28;1.15
12 76  05;KLIPPAN;RISEBERGA-FÄRINGTOFTA;32.87;31.72;20.75;10.69;0.28;1.15
12 76  07;KLIPPAN;ÖSTRA LJUNGBY;32.87;31.72;20.75;10.69;0.28;1.15
12 77  01;ÅSTORP;BJÖRNEKULLA-VÄSTRA BROBY;32.20;31.20;20.29;10.69;0.22;1.00
12 77  03;ÅSTORP;KVIDINGE;32.65;31.22;20.29;10.69;0.24;1.43
12 78  01;BÅSTAD;BÅSTAD-ÖSTRA KARUP;32.55;31.30;20.23;10.69;0.38;1.25
12 78  02;BÅSTAD;FÖRSLÖV-GREVIE;32.50;31.24;20.23;10.69;0.32;1.26
12 78  04;BÅSTAD;VÄSTRA KARUP-HOV;32.55;31.22;20.23;10.69;0.30;1.33
12 78  06;BÅSTAD;TOREKOV;32.55;31.22;20.23;10.69;0.30;1.33
12 80  02;MALMÖ;MALMÖ S:T PETRI;32.94;32.16;21.24;10.69;0.23;0.78
12 80  06;MALMÖ;MALMÖ S:T JOHANNES;32.94;32.16;21.24;10.69;0.23;0.78
12 80  07;MALMÖ;LIMHAMN;32.94;32.16;21.24;10.69;0.23;0.78
12 80  08;MALMÖ;FOSIE;32.94;32.16;21.24;10.69;0.23;0.78
12 80  10;MALMÖ;HUSIE;32.94;32.16;21.24;10.69;0.23;0.78
12 80  16;MALMÖ;HYLLIE;32.94;32.16;21.24;10.69;0.23;0.78
12 81  01;LUND;LUNDS DOMKYRKOFÖRS.;33.17;32.17;21.24;10.69;0.24;1.00
12 81  02;LUND;S:T PETERS KLOSTER;33.17;32.17;21.24;10.69;0.24;1.00
12 81  04;LUND;LUNDS ALLHELGONAFÖRS.;33.17;32.17;21.24;10.69;0.24;1.00
12 81  05;LUND;NORRA NÖBBELÖV;33.17;32.17;21.24;10.69;0.24;1.00
12 81  13;LUND;SÖDRA SANDBY;33.20;32.17;21.24;10.69;0.24;1.03
12 81  16;LUND;DALBY;33.15;32.15;21.24;10.69;0.22;1.00
12 81  20;LUND;GENARP;33.35;32.22;21.24;10.69;0.29;1.13
12 81  21;LUND;VEBERÖD;33.27;32.22;21.24;10.69;0.29;1.05
12 81  24;LUND;HELGEAND;33.17;32.17;21.24;10.69;0.24;1.00
12 81  25;LUND;LUNDS ÖSTRA STADSFÖRS.;33.17;32.17;21.24;10.69;0.24;1.00
12 81  27;LUND;TORN;33.17;32.17;21.24;10.69;0.24;1.00
12 82  01;LANDSKRONA;LANDSKRONA, DEL;32.31;31.35;20.24;10.69;0.42;0.96
12 82  04;LANDSKRONA;HÄLJARP;32.28;31.20;20.24;10.69;0.27;1.08
12 82  07;LANDSKRONA;KVISTOFTA, DEL;32.21;31.18;20.24;10.69;0.25;1.03
12 83  01;HELSINGBORG;HELSINGBORGS MARIA;32.18;31.15;20.21;10.69;0.25;1.03
12 83  02;HELSINGBORG;HELSINGBORGS GUSTAV ADOLF;32.18;31.15;20.21;10.69;0.25;1.03
12 83  03;HELSINGBORG;RAUS;32.18;31.15;20.21;10.69;0.25;1.03
12 83  05;HELSINGBORG;VÄLINGE-KATTARP;32.11;31.105;20.21;10.69;0.205;1.005
12 83  06;HELSINGBORG;ALLERUM;32.11;31.105;20.21;10.69;0.205;1.005
12 83  07;HELSINGBORG;FLENINGE;32.11;31.105;20.21;10.69;0.205;1.005
12 83  09;HELSINGBORG;KROPP;32.50;31.15;20.21;10.69;0.25;1.35
12 83  14;HELSINGBORG;LANDSKRONA, DEL;32.28;31.32;20.21;10.69;0.42;0.96
12 83  16;HELSINGBORG;KVISTOFTA, DEL;32.18;31.15;20.21;10.69;0.25;1.03
12 83  17;HELSINGBORG;FILBORNA;32.18;31.15;20.21;10.69;0.25;1.03
12 84  01;HÖGANÄS;HÖGANÄS;31.59;30.68;19.73;10.69;0.26;0.91
12 84  02;HÖGANÄS;VÄSBY;31.67;30.65;19.73;10.69;0.23;1.02
12 84  03;HÖGANÄS;VIKEN;31.67;30.65;19.73;10.69;0.23;1.02
12 84  04;HÖGANÄS;BRUNNBY;31.85;30.62;19.73;10.69;0.20;1.23
12 84  05;HÖGANÄS;FARHULT-JONSTORP;31.67;30.65;19.73;10.69;0.23;1.02
12 85  01;ESLÖV;ESLÖV;32.19;31.25;20.24;10.69;0.32;0.94
12 85  02;ESLÖV;ÖSTRA ONSJÖ;32.19;31.25;20.24;10.69;0.32;0.94
12 85  09;ESLÖV;RINGSJÖ, DEL;32.44;31.26;20.24;10.69;0.33;1.18
12 85  11;ESLÖV;MARIEHOLM;32.19;31.25;20.24;10.69;0.32;0.94
12 85  13;ESLÖV;LÖBERÖD;32.60;31.31;20.24;10.69;0.38;1.29
12 86  01;YSTAD;YSTAD;32.20;31.15;20.11;10.69;0.35;1.05
12 86  05;YSTAD;LJUNITS;32.605;31.26;20.11;10.69;0.46;1.345
12 86  11;YSTAD;STORA KÖPINGE;32.38;31.18;20.11;10.69;0.38;1.20
12 86  14;YSTAD;SÖVESTADSBYGDEN;32.20;31.15;20.11;10.69;0.35;1.05
12 86  17;YSTAD;LÖDERUP;32.39;31.47;20.11;10.69;0.67;0.92
12 87  01;TRELLEBORG;TRELLEBORG;32.12;31.41;20.36;10.69;0.36;0.71
12 87  06;TRELLEBORG;HAMMARLÖV;32.62;31.50;20.36;10.69;0.45;1.12
12 87  15;TRELLEBORG;DALKÖPINGE;32.32;31.35;20.36;10.69;0.30;0.97
12 87  21;TRELLEBORG;KÄLLSTORP;32.63;31.51;20.36;10.69;0.46;1.12
12 87  31;TRELLEBORG;ANDERSLÖV;32.58;31.45;20.36;10.69;0.40;1.13
12 90  01;KRISTIANSTAD;KRISTIANSTADS HELIGA TREFALDIGHET;33.34;32.42;21.46;10.69;0.27;0.92
12 90  02;KRISTIANSTAD;NORRA ÅSUM;33.34;32.42;21.46;10.69;0.27;0.92
12 90  03;KRISTIANSTAD;ÄSPHULT;33.68;32.45;21.46;10.69;0.30;1.23
12 90  05;KRISTIANSTAD;TRÄNE-DJURRÖD;33.60;32.42;21.46;10.69;0.27;1.18
12 90  07;KRISTIANSTAD;VÄ-SKEPPARSLÖV;33.60;32.42;21.46;10.69;0.27;1.18
12 90  08;KRISTIANSTAD;KÖPINGE;33.60;32.42;21.46;10.69;0.27;1.18
12 90  09;KRISTIANSTAD;NOSABY;33.43;32.33;21.46;10.69;0.18;1.10
12 90  14;KRISTIANSTAD;ARASLÖV;33.46;32.36;21.46;10.69;0.21;1.10
12 90  15;KRISTIANSTAD;ÅHUS;33.145;32.275;21.46;10.69;0.125;0.87
12 90  23;KRISTIANSTAD;BÄCKASKOG;33.90;32.49;21.46;10.69;0.34;1.41
12 90  24;KRISTIANSTAD;FJÄLKINGE-NYMÖ;33.90;32.49;21.46;10.69;0.34;1.41
12 90  25;KRISTIANSTAD;GUSTAV ADOLF-RINKABY;33.90;32.49;21.46;10.69;0.34;1.41
12 90  29;KRISTIANSTAD;DEGEBERGA-EVERÖD;33.78;32.53;21.46;10.69;0.38;1.25
12 90  32;KRISTIANSTAD;VÄSTRA OCH ÖSTRA VRAM;33.68;32.45;21.46;10.69;0.30;1.23
12 90  33;KRISTIANSTAD;LINDERÖD;33.68;32.45;21.46;10.69;0.30;1.23
12 90  34;KRISTIANSTAD;VÅNGA;33.88;32.65;21.46;10.69;0.50;1.23
12 90  35;KRISTIANSTAD;OPPMANNA;33.88;32.65;21.46;10.69;0.50;1.23
12 91  01;SIMRISHAMN;SIMRISHAMN;32.96;31.66;20.51;10.69;0.46;1.30
12 91  07;SIMRISHAMN;BORRBY-ÖSTRA HOBY;32.884;31.65;20.51;10.69;0.45;1.234
12 91  11;SIMRISHAMN;STIBY;32.884;31.65;20.51;10.69;0.45;1.234
12 91  15;SIMRISHAMN;HAMMENHÖG;32.884;31.65;20.51;10.69;0.45;1.234
12 91  17;SIMRISHAMN;S:T OLOF;32.96;31.66;20.51;10.69;0.46;1.30
12 91  18;SIMRISHAMN;RÖRUM;32.96;31.66;20.51;10.69;0.46;1.30
12 91  19;SIMRISHAMN;KIVIK;33.13;31.70;20.51;10.69;0.50;1.43
12 92  01;ÄNGELHOLM;ÄNGELHOLM;31.76;30.72;19.79;10.69;0.24;1.04
12 92  05;ÄNGELHOLM;MUNKA LJUNGBY;32.06;30.78;19.79;10.69;0.30;1.28
12 92  06;ÄNGELHOLM;STRÖVELSTORP;32.19;30.82;19.79;10.69;0.34;1.37
12 92  09;ÄNGELHOLM;BARKÅKRA;31.78;30.66;19.79;10.69;0.18;1.12
12 92  11;ÄNGELHOLM;HJÄRNARP-TÅSTARP;32.15;30.81;19.79;10.69;0.33;1.34
12 93  01;HÄSSLEHOLM;HÄSSLEHOLM;33.07;32.06;21.06;10.69;0.31;1.01
12 93  05;HÄSSLEHOLM;VINSLÖV;33.31;32.03;21.06;10.69;0.28;1.28
12 93  10;HÄSSLEHOLM;FARSTORP;33.16;32.05;21.06;10.69;0.30;1.11
12 93  11;HÄSSLEHOLM;VERUM;33.25;32.10;21.06;10.69;0.35;1.15
12 93  12;HÄSSLEHOLM;VITTSJÖ;33.25;32.10;21.06;10.69;0.35;1.15
12 93  13;HÄSSLEHOLM;NORRA ÅKARP;33.16;32.05;21.06;10.69;0.30;1.11
12 93  14;HÄSSLEHOLM;VANKIVA;33.16;32.05;21.06;10.69;0.30;1.11
12 93  15;HÄSSLEHOLM;SÖSDALA;33.28;32.06;21.06;10.69;0.31;1.22
12 93  19;HÄSSLEHOLM;TYRINGE;33.28;32.00;21.06;10.69;0.25;1.28
12 93  21;HÄSSLEHOLM;RÖKE;33.28;32.00;21.06;10.69;0.25;1.28
12 93  22;HÄSSLEHOLM;VÄSTRA TORUP;33.28;32.00;21.06;10.69;0.25;1.28
13 15  01;HYLTE;TORUP;34.14;32.61;21.45;10.82;0.34;1.53
13 15  04;HYLTE;LÅNGARYD;34.07;32.57;21.45;10.82;0.30;1.50
13 15  05;HYLTE;FÄRGARYD;34.07;32.57;21.45;10.82;0.30;1.50
13 15  06;HYLTE;FEMSJÖ;34.07;32.57;21.45;10.82;0.30;1.50
13 15  07;HYLTE;UNNARYD;34.07;32.57;21.45;10.82;0.30;1.50
13 80  02;HALMSTAD;HALMSTAD;32.59;31.50;20.43;10.82;0.25;1.09
13 80  03;HALMSTAD;SNÖSTORP;32.63;31.46;20.43;10.82;0.21;1.17
13 80  05;HALMSTAD;OSKARSTRÖM;32.68;31.54;20.43;10.82;0.29;1.14
13 80  09;HALMSTAD;SÖNDRUM-VAPNÖ;32.23;31.40;20.43;10.82;0.15;0.83
13 80  11;HALMSTAD;HARPLINGE;32.52;31.43;20.43;10.82;0.18;1.09
13 80  12;HALMSTAD;STENINGE;32.52;31.43;20.43;10.82;0.18;1.09
13 80  14;HALMSTAD;GETINGE-RÄVINGE;32.68;31.54;20.43;10.82;0.29;1.14
13 80  15;HALMSTAD;SLÄTTÅKRA-KVIBILLE;32.68;31.54;20.43;10.82;0.29;1.14
13 80  19;HALMSTAD;ENSLÖV;32.68;31.54;20.43;10.82;0.29;1.14
13 81  01;LAHOLM;LAHOLM;32.78;31.72;20.58;10.82;0.32;1.06
13 81  03;LAHOLM;HASSLÖV-VÅXTORP;32.965;31.875;20.58;10.82;0.475;1.09
13 81  05;LAHOLM;SKUMMESLÖV;32.78;31.72;20.58;10.82;0.32;1.06
13 81  06;LAHOLM;HISHULT;32.965;31.875;20.58;10.82;0.475;1.09
13 81  07;LAHOLM;RÄNNESLÖV-YSBY;32.965;31.875;20.58;10.82;0.475;1.09
13 81  09;LAHOLM;KNÄRED;32.965;31.875;20.58;10.82;0.475;1.09
13 81  11;LAHOLM;VEINGE-TJÄRBY;32.965;31.875;20.58;10.82;0.475;1.09
13 82  01;FALKENBERG;FALKENBERG;33.34;32.18;21.10;10.82;0.26;1.16
13 82  02;FALKENBERG;SKREA;33.34;32.18;21.10;10.82;0.26;1.16
13 82  06;FALKENBERG;SUSEDALEN;33.82;32.28;21.10;10.82;0.36;1.54
13 82  08;FALKENBERG;STAFSINGE;33.57;32.18;21.10;10.82;0.26;1.39
13 82  09;FALKENBERG;MORUP;33.55;32.22;21.10;10.82;0.30;1.33
13 82  11;FALKENBERG;VINBERG-LJUNGBY;33.42;32.21;21.10;10.82;0.29;1.21
13 82  13;FALKENBERG;VESSIGE;33.81;32.39;21.10;10.82;0.47;1.42
13 82  17;FALKENBERG;OKOME;33.81;32.39;21.10;10.82;0.47;1.42
13 82  18;FALKENBERG;GÄLLARED;33.70;32.38;21.10;10.82;0.46;1.32
13 82  19;FALKENBERG;KROGSERED;33.70;32.38;21.10;10.82;0.46;1.32
13 82  20;FALKENBERG;GUNNARP;33.70;32.38;21.10;10.82;0.46;1.32
13 82  21;FALKENBERG;FAGERED;33.65;32.17;21.10;10.82;0.25;1.48
13 82  22;FALKENBERG;KÄLLSJÖ;33.65;32.17;21.10;10.82;0.25;1.48
13 82  23;FALKENBERG;ULLARED;33.65;32.17;21.10;10.82;0.25;1.48
13 82  24;FALKENBERG;ÄLVSERED;33.65;32.17;21.10;10.82;0.25;1.48
13 83  01;VARBERG;VARBERG;32.35;31.47;20.33;10.82;0.32;0.88
13 83  02;VARBERG;TRÄSLÖV;32.38;31.37;20.33;10.82;0.22;1.01
13 83  05;VARBERG;HIMLEDALEN;32.83;31.58;20.33;10.82;0.43;1.25
13 83  10;VARBERG;SIBBARP-DAGSÅS;32.85;31.50;20.33;10.82;0.35;1.35
13 83  11;VARBERG;TVÅÅKER;32.85;31.50;20.33;10.82;0.35;1.35
13 83  12;VARBERG;SPANNARP;32.85;31.50;20.33;10.82;0.35;1.35
13 83  13;VARBERG;LINDBERGA;32.78;31.50;20.33;10.82;0.35;1.28
13 83  19;VARBERG;VEDDIGE-KUNGSÄTER;32.86;31.55;20.33;10.82;0.40;1.31
13 83  20;VARBERG;VÄRÖ-STRÅVALLA;32.68;31.50;20.33;10.82;0.35;1.18
13 84  01;KUNGSBACKA;KUNGSBACKA-HANHALS;33.40;32.37;21.33;10.82;0.22;1.03
13 84  02;KUNGSBACKA;TÖLÖ;33.51;32.38;21.33;10.82;0.23;1.13
13 84  03;KUNGSBACKA;ÄLVSÅKER;33.51;32.38;21.33;10.82;0.23;1.13
13 84  04;KUNGSBACKA;VALLDA;33.33;32.30;21.33;10.82;0.15;1.03
13 84  05;KUNGSBACKA;SLÄP;33.33;32.30;21.33;10.82;0.15;1.03
13 84  06;KUNGSBACKA;FRILLESÅS;33.78;32.35;21.33;10.82;0.20;1.43
13 84  07;KUNGSBACKA;LANDA;33.78;32.35;21.33;10.82;0.20;1.43
13 84  08;KUNGSBACKA;ÖLMEVALLA;33.78;32.35;21.33;10.82;0.20;1.43
13 84  09;KUNGSBACKA;GÄLLINGE;33.78;32.35;21.33;10.82;0.20;1.43
13 84  10;KUNGSBACKA;IDALA;33.78;32.35;21.33;10.82;0.20;1.43
13 84  12;KUNGSBACKA;FJÄRÅS-FÖRLANDA;33.56;32.38;21.33;10.82;0.23;1.18
13 84  14;KUNGSBACKA;ONSALA;33.23;32.25;21.33;10.82;0.10;0.98
13 84  15;KUNGSBACKA;KULLAVIK;33.33;32.30;21.33;10.82;0.15;1.03
14 01  01;HÄRRYDA;HÄRRYDA;33.26;32.28;20.62;11.48;0.18;0.98
14 01  02;HÄRRYDA;LANDVETTER;33.26;32.28;20.62;11.48;0.18;0.98
14 01  03;HÄRRYDA;RÅDA;33.23;32.30;20.62;11.48;0.20;0.93
14 01  04;HÄRRYDA;BJÖRKETORP;33.41;32.29;20.62;11.48;0.19;1.12
14 02  01;PARTILLE;PARTILLE;32.64;31.62;19.96;11.48;0.18;1.02
14 02  03;PARTILLE;SÄVEDALEN;32.64;31.62;19.96;11.48;0.18;1.02
14 02  04;PARTILLE;FURULUND;32.64;31.62;19.96;11.48;0.18;1.02
14 07  01;ÖCKERÖ;ÖCKERÖ;33.52;32.42;20.76;11.48;0.18;1.10
14 15  02;STENUNGSUND;NORUM;34.48;33.28;21.64;11.48;0.16;1.20
14 15  03;STENUNGSUND;ÖDSMÅL;34.48;33.28;21.64;11.48;0.16;1.20
14 15  04;STENUNGSUND;SPEKERÖD-UCKLUM;34.61;33.40;21.64;11.48;0.28;1.21
14 15  05;STENUNGSUND;JÖRLANDA;34.43;33.28;21.64;11.48;0.16;1.15
14 19  01;TJÖRN;VALLA;34.19;32.93;21.21;11.48;0.24;1.26
14 19  02;TJÖRN;STENKYRKA;34.19;32.93;21.21;11.48;0.24;1.26
14 19  03;TJÖRN;RÖNNÄNG;34.19;32.93;21.21;11.48;0.24;1.26
14 19  05;TJÖRN;KLÖVEDAL;34.19;32.93;21.21;11.48;0.24;1.26
14 21  01;ORUST;TEGNEBY;35.78;34.49;22.71;11.48;0.30;1.29
14 21  02;ORUST;RÖRA;35.78;34.49;22.71;11.48;0.30;1.29
14 21  03;ORUST;STALA;35.78;34.49;22.71;11.48;0.30;1.29
14 21  04;ORUST;LÅNGELANDA;35.78;34.49;22.71;11.48;0.30;1.29
14 21  05;ORUST;MYCKLEBY;35.78;34.49;22.71;11.48;0.30;1.29
14 21  06;ORUST;TORP;35.78;34.49;22.71;11.48;0.30;1.29
14 21  10;ORUST;MORLANDA;35.78;34.49;22.71;11.48;0.30;1.29
14 27  01;SOTENÄS;SÖDRA SOTENÄS;35.04;33.81;21.99;11.48;0.34;1.23
14 27  05;SOTENÄS;HUNNEBOSTRAND;35.25;33.83;21.99;11.48;0.36;1.42
14 27  06;SOTENÄS;TOSSENE;35.25;33.83;21.99;11.48;0.36;1.42
14 30  01;MUNKEDAL;FOSS;36.74;35.56;23.63;11.48;0.45;1.18
14 30  05;MUNKEDAL;SVARTEBORG-BÄRFENDAL;36.74;35.56;23.63;11.48;0.45;1.18
14 30  08;MUNKEDAL;SÖRBYGDEN;36.74;35.56;23.63;11.48;0.45;1.18
14 35  02;TANUM;TANUM;34.63;33.38;21.56;11.48;0.34;1.25
14 35  03;TANUM;LUR;34.63;33.38;21.56;11.48;0.34;1.25
14 35  04;TANUM;NAVERSTAD-MO;34.63;33.38;21.56;11.48;0.34;1.25
14 35  06;TANUM;KVILLE;35.10;33.44;21.56;11.48;0.40;1.66
14 35  07;TANUM;FJÄLLBACKA;35.10;33.44;21.56;11.48;0.40;1.66
14 35  08;TANUM;BOTTNA;35.10;33.44;21.56;11.48;0.40;1.66
14 35  09;TANUM;SVENNEBY;35.10;33.44;21.56;11.48;0.40;1.66
14 38  03;DALS-ED;DALS-ED;36.59;35.19;23.21;11.48;0.50;1.40
14 39  01;FÄRGELANDA;FÄRGELANDA;35.19;34.11;22.26;11.48;0.37;1.08
14 39  04;FÄRGELANDA;JÄRBO-RÅGGÄRD;35.60;34.30;22.26;11.48;0.56;1.30
14 39  07;FÄRGELANDA;RÄNNELANDA-LERDAL;35.60;34.30;22.26;11.48;0.56;1.30
14 39  08;FÄRGELANDA;HÖGSÄTER;35.60;34.30;22.26;11.48;0.56;1.30
14 40  01;ALE;NÖDINGE;34.36;33.53;21.87;11.48;0.18;0.83
14 40  03;ALE;SKEPPLANDA-HÅLANDA;34.75;33.65;21.87;11.48;0.30;1.10
14 40  05;ALE;STARRKÄRR-KILANDA;34.68;33.56;21.87;11.48;0.21;1.12
14 41  01;LERUM;LERUM;33.33;32.33;20.65;11.48;0.20;1.00
14 41  02;LERUM;SKALLSJÖ;33.27;32.30;20.65;11.48;0.17;0.97
14 41  03;LERUM;STORA LUNDBY;33.41;32.31;20.65;11.48;0.18;1.10
14 41  04;LERUM;ÖSTAD;33.41;32.31;20.65;11.48;0.18;1.10
14 42  01;VÅRGÅRDA;LENA;34.19;32.98;21.21;11.48;0.29;1.21
14 42  06;VÅRGÅRDA;HOL;34.19;32.98;21.21;11.48;0.29;1.21
14 42  08;VÅRGÅRDA;NÅRUNGA;34.19;32.98;21.21;11.48;0.29;1.21
14 42  10;VÅRGÅRDA;ASKLANDA;34.19;32.98;21.21;11.48;0.29;1.21
14 42  14;VÅRGÅRDA;ALGUTSTORP;34.19;32.98;21.21;11.48;0.29;1.21
14 43  01;BOLLEBYGD;TÖLLSJÖ;34.44;33.31;21.59;11.48;0.24;1.13
14 43  02;BOLLEBYGD;BOLLEBYGD;34.44;33.31;21.59;11.48;0.24;1.13
14 44  03;GRÄSTORP;SÄRESTAD;34.65;33.45;21.57;11.48;0.40;1.20
14 44  08;GRÄSTORP;FLO;34.65;33.45;21.57;11.48;0.40;1.20
14 44  09;GRÄSTORP;TENGENE;34.65;33.45;21.57;11.48;0.40;1.20
14 44  10;GRÄSTORP;TRÖKÖRNA;34.65;33.45;21.57;11.48;0.40;1.20
14 44  12;GRÄSTORP;FRIDHEM, DEL;34.65;33.45;21.57;11.48;0.40;1.20
14 45  01;ESSUNGA;FRIDHEM, DEL;34.65;33.45;21.57;11.48;0.40;1.20
14 45  02;ESSUNGA;FRÄMMESTAD-BÄREBERG;34.91;33.53;21.57;11.48;0.48;1.38
14 45  04;ESSUNGA;ESSUNGA;34.91;33.53;21.57;11.48;0.48;1.38
14 45  07;ESSUNGA;LEKÅSA-BARNE ÅSAKA;34.91;33.53;21.57;11.48;0.48;1.38
14 46  01;KARLSBORG;KARLSBORG;34.47;33.26;21.32;11.48;0.46;1.21
14 46  02;KARLSBORG;BREVIK;34.47;33.26;21.32;11.48;0.46;1.21
14 46  03;KARLSBORG;MÖLLTORP;34.47;33.26;21.32;11.48;0.46;1.21
14 46  04;KARLSBORG;UNDENÄS;34.47;33.26;21.32;11.48;0.46;1.21
14 47  01;GULLSPÅNG;AMNEHÄRAD;35.72;34.39;22.49;11.48;0.42;1.33
14 47  02;GULLSPÅNG;HOVA-ÄLGARÅS, DEL;35.72;34.45;22.49;11.48;0.48;1.27
14 52  01;TRANEMO;TRANEMO;34.27;32.81;21.00;11.48;0.33;1.46
14 52  06;TRANEMO;LÄNGHEM, DEL;34.27;32.81;21.00;11.48;0.33;1.46
14 52  08;TRANEMO;DALSTORP;34.27;32.81;21.00;11.48;0.33;1.46
14 60  01;BENGTSFORS;ÄRTEMARK;36.35;34.85;22.92;11.48;0.45;1.50
14 60  03;BENGTSFORS;LAXARBY-VÅRVIK;36.35;34.85;22.92;11.48;0.45;1.50
14 60  05;BENGTSFORS;TORRSKOG;36.35;34.85;22.92;11.48;0.45;1.50
14 60  06;BENGTSFORS;STENEBY-TISSELSKOG;36.35;34.92;22.92;11.48;0.52;1.43
14 60  09;BENGTSFORS;BÄCKE-ÖDSKÖLT;36.35;34.92;22.92;11.48;0.52;1.43
14 61  01;MELLERUD;HOLM;35.93;34.58;22.60;11.48;0.50;1.35
14 61  03;MELLERUD;BOLSTAD;35.93;34.58;22.60;11.48;0.50;1.35
14 61  07;MELLERUD;ÖR;35.93;34.58;22.60;11.48;0.50;1.35
14 61  09;MELLERUD;SKÅLLERUD;35.93;34.58;22.60;11.48;0.50;1.35
14 62  01;LILLA EDET;FUXERNA-ÅSBRÄCKA;35.24;34.19;22.37;11.48;0.34;1.05
14 62  04;LILLA EDET;LÖDÖSE;35.25;34.15;22.37;11.48;0.30;1.10
14 62  06;LILLA EDET;VÄSTERLANDA;35.24;34.19;22.37;11.48;0.34;1.05
14 62  07;LILLA EDET;HJÄRTUM;35.24;34.19;22.37;11.48;0.34;1.05
14 63  01;MARK;KINNA;33.84;32.90;21.21;11.48;0.21;0.94
14 63  03;MARK;ÖRBY-SKENE;33.90;32.90;21.21;11.48;0.21;1.00
14 63  04;MARK;SÄTILA;34.27;32.97;21.21;11.48;0.28;1.30
14 63  05;MARK;HYSSNA;34.27;32.97;21.21;11.48;0.28;1.30
14 63  07;MARK;FRITSLA-SKEPHULT;34.38;33.10;21.21;11.48;0.41;1.28
14 63  12;MARK;VÄSTRA MARK;34.47;33.14;21.21;11.48;0.45;1.33
14 63  13;MARK;ÖXNEVALLA;34.42;33.02;21.21;11.48;0.33;1.40
14 63  14;MARK;HORRED;34.42;33.02;21.21;11.48;0.33;1.40
14 63  15;MARK;ISTORP;34.42;33.02;21.21;11.48;0.33;1.40
14 63  16;MARK;ÄLEKULLA;34.56;33.04;21.21;11.48;0.35;1.52
14 63  17;MARK;TORESTORP;34.56;33.04;21.21;11.48;0.35;1.52
14 63  18;MARK;ÖXABÄCK;34.56;33.04;21.21;11.48;0.35;1.52
14 65  01;SVENLJUNGA;SVENLJUNGABYGDEN;35.42;33.96;22.15;11.48;0.33;1.46
14 65  03;SVENLJUNGA;MJÖBÄCK-HOLSLJUNGA;35.42;33.96;22.15;11.48;0.33;1.46
14 65  06;SVENLJUNGA;KINDAHOLM;35.42;33.96;22.15;11.48;0.33;1.46
14 65  12;SVENLJUNGA;SEXDREGA, DEL;35.42;33.96;22.15;11.48;0.33;1.46
14 66  02;HERRLJUNGA;HERRLJUNGA LANDSBYGDSFÖRS.;35.188;33.82;21.94;11.48;0.40;1.368
14 66  06;HERRLJUNGA;HERRLJUNGA;35.188;33.82;21.94;11.48;0.40;1.368
14 66  07;HERRLJUNGA;HUDENE;35.188;33.82;21.94;11.48;0.40;1.368
14 66  17;HERRLJUNGA;ÖSTRA GÄSENE;35.188;33.82;21.94;11.48;0.40;1.368
14 66  18;HERRLJUNGA;HOV;35.188;33.82;21.94;11.48;0.40;1.368
14 70  01;VARA;VARA;34.59;33.17;21.27;11.48;0.42;1.42
14 70  04;VARA;LEVENE;34.59;33.17;21.27;11.48;0.42;1.42
14 70  10;VARA;RYDA;34.59;33.17;21.27;11.48;0.42;1.42
14 70  14;VARA;VEDUM;34.59;33.17;21.27;11.48;0.42;1.42
14 70  24;VARA;LARV;34.59;33.17;21.27;11.48;0.42;1.42
14 70  29;VARA;KVÄNUM;34.59;33.17;21.27;11.48;0.42;1.42
14 71  01;GÖTENE;KLEVA-SIL;34.96;33.70;21.77;11.48;0.45;1.26
14 71  02;GÖTENE;GÖTENE;34.96;33.70;21.77;11.48;0.45;1.26
14 71  09;GÖTENE;LEDSJÖ;34.96;33.70;21.77;11.48;0.45;1.26
14 71  12;GÖTENE;KÄLLBY;34.96;33.70;21.77;11.48;0.45;1.26
14 71  13;GÖTENE;HUSABY;34.96;33.70;21.77;11.48;0.45;1.26
14 71  18;GÖTENE;KINNEKULLE;34.96;33.70;21.77;11.48;0.45;1.26
14 72  01;TIBRO;TIBRO;33.98;32.96;21.21;11.48;0.27;1.02
14 72  02;TIBRO;RANSBERG;33.98;32.96;21.21;11.48;0.27;1.02
14 73  01;TÖREBODA;TÖREBODA;34.45;33.18;21.22;11.48;0.48;1.27
14 73  02;TÖREBODA;FREDSBERG-BÄCK;34.45;33.18;21.22;11.48;0.48;1.27
14 73  07;TÖREBODA;FÄGRE;34.45;33.18;21.22;11.48;0.48;1.27
14 73  13;TÖREBODA;HOVA-ÄLGARÅS, DEL;34.45;33.18;21.22;11.48;0.48;1.27
14 80  01;GÖTEBORG;DOMKYRKOFÖRS. I GÖTEBORG;33.575;32.735;21.12;11.48;0.135;0.84
14 80  04;GÖTEBORG;NYLÖSE;33.575;32.735;21.12;11.48;0.135;0.84
14 80  05;GÖTEBORG;KORTEDALA;33.575;32.735;21.12;11.48;0.135;0.84
14 80  06;GÖTEBORG;HÄRLANDA;33.575;32.735;21.12;11.48;0.135;0.84
14 80  07;GÖTEBORG;GÖTEBORGS VASA;33.575;32.735;21.12;11.48;0.135;0.84
14 80  08;GÖTEBORG;GÖTEBORGS JOHANNEBERG;33.575;32.735;21.12;11.48;0.135;0.84
14 80  09;GÖTEBORG;GÖTEBORGS ANNEDAL;33.575;32.735;21.12;11.48;0.135;0.84
14 80  10;GÖTEBORG;GÖTEBORGS HAGA;33.575;32.735;21.12;11.48;0.135;0.84
14 80  11;GÖTEBORG;GÖTEBORGS OSCAR FREDRIK;33.575;32.735;21.12;11.48;0.135;0.84
14 80  12;GÖTEBORG;GÖTEBORGS MASTHUGG;33.575;32.735;21.12;11.48;0.135;0.84
14 80  13;GÖTEBORG;GÖTEBORGS CARL JOHAN;33.575;32.735;21.12;11.48;0.135;0.84
14 80  16;GÖTEBORG;ÖRGRYTE;33.575;32.735;21.12;11.48;0.135;0.84
14 80  17;GÖTEBORG;LUNDBY;33.575;32.735;21.12;11.48;0.135;0.84
14 80  20;GÖTEBORG;BACKA;33.575;32.735;21.12;11.48;0.135;0.84
14 80  21;GÖTEBORG;HÖGSBO;33.575;32.735;21.12;11.48;0.135;0.84
14 80  22;GÖTEBORG;VÄSTRA FRÖLUNDA;33.575;32.735;21.12;11.48;0.135;0.84
14 80  23;GÖTEBORG;ÄLVSBORG;33.575;32.735;21.12;11.48;0.135;0.84
14 80  24;GÖTEBORG;TYNNERED;33.575;32.735;21.12;11.48;0.135;0.84
14 80  28;GÖTEBORG;TORSLANDA-BJÖRLANDA;33.575;32.735;21.12;11.48;0.135;0.84
14 80  31;GÖTEBORG;TUVE-SÄVE;33.575;32.735;21.12;11.48;0.135;0.84
14 80  32;GÖTEBORG;BERGSJÖN;33.575;32.735;21.12;11.48;0.135;0.84
14 80  33;GÖTEBORG;GÖTEBORGS S:T PAULI;33.575;32.735;21.12;11.48;0.135;0.84
14 80  34;GÖTEBORG;ANGERED;33.575;32.735;21.12;11.48;0.135;0.84
14 80  36;GÖTEBORG;ASKIM;33.575;32.735;21.12;11.48;0.135;0.84
14 80  37;GÖTEBORG;STYRSÖ;33.575;32.735;21.12;11.48;0.135;0.84
14 80  38;GÖTEBORG;BJÖRKEKÄRR;33.575;32.735;21.12;11.48;0.135;0.84
14 80  41;GÖTEBORG;NÄSET;33.575;32.735;21.12;11.48;0.135;0.84
14 81  01;MÖLNDAL;FÄSSBERG;32.71;31.92;20.26;11.48;0.18;0.79
14 81  02;MÖLNDAL;KÅLLERED;32.71;31.92;20.26;11.48;0.18;0.79
14 81  03;MÖLNDAL;LINDOME;32.54;31.87;20.26;11.48;0.13;0.67
14 81  04;MÖLNDAL;STENSJÖN;32.71;31.92;20.26;11.48;0.18;0.79
14 82  01;KUNGÄLV;KUNGÄLV-YTTERBY;34.02;33.09;21.44;11.48;0.17;0.93
14 82  03;KUNGÄLV;MARSTRAND;34.28;33.17;21.44;11.48;0.25;1.11
14 82  04;KUNGÄLV;HARESTAD;34.28;33.17;21.44;11.48;0.25;1.11
14 82  05;KUNGÄLV;TORSBY;34.28;33.17;21.44;11.48;0.25;1.11
14 82  06;KUNGÄLV;LYCKE;34.28;33.17;21.44;11.48;0.25;1.11
14 82  08;KUNGÄLV;ROMELANDA;34.12;33.17;21.44;11.48;0.25;0.95
14 82  09;KUNGÄLV;KAREBY;34.12;33.17;21.44;11.48;0.25;0.95
14 82  10;KUNGÄLV;HÅLTA;34.23;33.08;21.44;11.48;0.16;1.15
14 82  11;KUNGÄLV;SOLBERGA;34.23;33.08;21.44;11.48;0.16;1.15
14 84  01;LYSEKIL;LYSEKIL;35.60;34.32;22.46;11.48;0.38;1.28
14 84  02;LYSEKIL;LYSE;35.60;34.32;22.46;11.48;0.38;1.28
14 84  03;LYSEKIL;SKAFTÖ;35.60;34.32;22.46;11.48;0.38;1.28
14 84  04;LYSEKIL;BRO;35.52;34.39;22.46;11.48;0.45;1.13
14 84  05;LYSEKIL;BRASTAD;35.52;34.39;22.46;11.48;0.45;1.13
14 85  01;UDDEVALLA;UDDEVALLA;34.99;33.89;22.16;11.48;0.25;1.10
14 85  03;UDDEVALLA;LJUNGSKILE;34.96;33.94;22.16;11.48;0.30;1.02
14 85  09;UDDEVALLA;BOKENÄSET;35.26;33.95;22.16;11.48;0.31;1.31
14 85  10;UDDEVALLA;HERRESTAD;35.06;33.86;22.16;11.48;0.22;1.20
14 85  11;UDDEVALLA;LANE-RYR;34.99;33.89;22.16;11.48;0.25;1.10
14 85  12;UDDEVALLA;BÄVE;34.99;33.89;22.16;11.48;0.25;1.10
14 85  13;UDDEVALLA;DALABERG;34.99;33.89;22.16;11.48;0.25;1.10
14 86  01;STRÖMSTAD;STRÖMSTAD;34.96;33.75;21.91;11.48;0.36;1.21
14 86  02;STRÖMSTAD;SKEE-TJÄRNÖ;34.96;33.75;21.91;11.48;0.36;1.21
14 86  06;STRÖMSTAD;IDEFJORDEN;34.96;33.75;21.91;11.48;0.36;1.21
14 87  01;VÄNERSBORG;VÄNERSBORG OCH VÄNE-RYR;35.02;33.97;22.21;11.48;0.28;1.05
14 87  03;VÄNERSBORG;GESTAD;35.43;34.11;22.21;11.48;0.42;1.32
14 87  04;VÄNERSBORG;BRÅLANDA;35.43;34.11;22.21;11.48;0.42;1.32
14 87  05;VÄNERSBORG;SUNDALS-RYR;35.43;34.11;22.21;11.48;0.42;1.32
14 87  06;VÄNERSBORG;FRÄNDEFORS;35.03;34.00;22.21;11.48;0.31;1.03
14 87  07;VÄNERSBORG;VÄNERSNÄS;35.22;34.00;22.21;11.48;0.31;1.22
14 87  09;VÄNERSBORG;VÄSTRA TUNHEM;35.22;34.00;22.21;11.48;0.31;1.22
14 88  01;TROLLHÄTTAN;TROLLHÄTTAN;34.29;33.26;21.56;11.48;0.22;1.03
14 88  03;TROLLHÄTTAN;ÅSAKA-BJÖRKE;34.57;33.35;21.56;11.48;0.31;1.22
14 88  04;TROLLHÄTTAN;GÄRDHEM;34.57;33.35;21.56;11.48;0.31;1.22
14 88  05;TROLLHÄTTAN;UPPHÄRAD;34.48;33.36;21.56;11.48;0.32;1.12
14 88  07;TROLLHÄTTAN;FORS-ROMMELE;34.48;33.36;21.56;11.48;0.32;1.12
14 88  08;TROLLHÄTTAN;BJÄRKE, DEL;34.95;33.39;21.56;11.48;0.35;1.56
14 88  09;TROLLHÄTTAN;LEXTORP;34.29;33.26;21.56;11.48;0.22;1.03
14 88  10;TROLLHÄTTAN;GÖTALUNDEN;34.29;33.26;21.56;11.48;0.22;1.03
14 89  01;ALINGSÅS;ALINGSÅS;34.19;33.08;21.36;11.48;0.24;1.11
14 89  08;ALINGSÅS;BJÄRKE, DEL;34.75;33.19;21.36;11.48;0.35;1.56
14 89  09;ALINGSÅS;HEMSJÖ;34.19;33.08;21.36;11.48;0.24;1.11
14 89  10;ALINGSÅS;ÖDENÄS;34.19;33.08;21.36;11.48;0.24;1.11
14 90  01;BORÅS;BORÅS CAROLI;33.99;33.00;21.31;11.48;0.21;0.99
14 90  02;BORÅS;BORÅS GUSTAV ADOLF;33.99;33.00;21.31;11.48;0.21;0.99
14 90  03;BORÅS;BRÄMHULT;33.99;33.00;21.31;11.48;0.21;0.99
14 90  06;BORÅS;TOARP;34.38;32.99;21.31;11.48;0.20;1.39
14 90  07;BORÅS;LÄNGHEM, DEL;34.58;33.12;21.31;11.48;0.33;1.46
14 90  08;BORÅS;SEXDREGA, DEL;34.58;33.12;21.31;11.48;0.33;1.46
14 90  11;BORÅS;FRISTAD;34.20;33.00;21.31;11.48;0.21;1.20
14 90  15;BORÅS;BREDARED;34.08;32.94;21.31;11.48;0.15;1.14
14 90  16;BORÅS;SANDHULT;34.08;32.94;21.31;11.48;0.15;1.14
14 90  19;BORÅS;SEGLORA;34.31;33.03;21.31;11.48;0.24;1.28
14 90  20;BORÅS;KINNARUMMA;34.31;33.03;21.31;11.48;0.24;1.28
14 91  01;ULRICEHAMN;ULRICEHAMN;34.05;32.76;21.05;11.48;0.23;1.29
14 91  05;ULRICEHAMN;HÄLLSTAD;34.18;32.93;21.05;11.48;0.40;1.25
14 91  10;ULRICEHAMN;SÖDRA VING;34.18;32.93;21.05;11.48;0.40;1.25
14 91  16;ULRICEHAMN;ÅSUNDEN;34.05;32.76;21.05;11.48;0.23;1.29
14 91  20;ULRICEHAMN;HÖSSNA;34.05;32.76;21.05;11.48;0.23;1.29
14 91  28;ULRICEHAMN;REDVÄG;34.37;32.88;21.05;11.48;0.35;1.49
14 91  29;ULRICEHAMN;TIMMELE;34.05;32.76;21.05;11.48;0.23;1.29
14 92  01;ÅMÅL;ÅMÅL;35.596;34.397;22.46;11.48;0.457;1.199
14 93  01;MARIESTAD;MARIESTAD;34.14;33.09;21.26;11.48;0.35;1.05
14 93  03;MARIESTAD;ULLERVAD;34.49;33.14;21.26;11.48;0.40;1.35
14 93  12;MARIESTAD;LUGNÅS;34.49;33.14;21.26;11.48;0.40;1.35
14 93  18;MARIESTAD;LYRESTAD;34.49;33.16;21.26;11.48;0.42;1.33
14 94  01;LIDKÖPING;LIDKÖPING;33.80;32.69;20.86;11.48;0.35;1.11
14 94  03;LIDKÖPING;JÄRPÅS;34.18;32.75;20.86;11.48;0.41;1.43
14 94  05;LIDKÖPING;KÅLLANDS-RÅDA;34.18;32.75;20.86;11.48;0.41;1.43
14 94  13;LIDKÖPING;SUNNERSBERG;33.94;32.64;20.86;11.48;0.30;1.30
14 94  24;LIDKÖPING;SÄVARE;33.96;32.59;20.86;11.48;0.25;1.37
14 94  31;LIDKÖPING;ÖRSLÖSA;34.18;32.75;20.86;11.48;0.41;1.43
14 95  01;SKARA;SKARA DOMKYRKOFÖRS.;34.13;32.91;21.10;11.48;0.33;1.22
14 95  04;SKARA;EGGBY-ÖGLUNDA;34.13;32.91;21.10;11.48;0.33;1.22
14 95  05;SKARA;VARNHEM;34.13;32.91;21.10;11.48;0.33;1.22
14 95  08;SKARA;AXVALL;34.13;32.91;21.10;11.48;0.33;1.22
14 95  16;SKARA;ARDALA;34.13;32.91;21.10;11.48;0.33;1.22
14 96  01;SKÖVDE;SKÖVDE;33.53;32.55;20.86;11.48;0.21;0.98
14 96  08;SKÖVDE;SKULTORP;34.19;32.69;20.86;11.48;0.35;1.50
14 96  14;SKÖVDE;SVENTORP-FORSBY;33.98;32.70;20.86;11.48;0.36;1.28
14 96  15;SKÖVDE;VÄRSÅS- VAROLA- VRETEN;33.98;32.70;20.86;11.48;0.36;1.28
14 96  17;SKÖVDE;VÄRING;33.99;32.64;20.86;11.48;0.30;1.35
14 96  20;SKÖVDE;FRÖSVE;33.99;32.64;20.86;11.48;0.30;1.35
14 96  24;SKÖVDE;BERG;33.99;32.64;20.86;11.48;0.30;1.35
14 96  27;SKÖVDE;GÖTLUNDA;33.99;32.64;20.86;11.48;0.30;1.35
14 97  01;HJO;HJO;34.43;33.43;21.57;11.48;0.38;1.00
14 97  04;HJO;MOFALLA;34.43;33.43;21.57;11.48;0.38;1.00
14 97  06;HJO;FÅGELÅS;34.43;33.43;21.57;11.48;0.38;1.00
14 97  08;HJO;KORSBERGA-FRIDENE;34.43;33.43;21.57;11.48;0.38;1.00
14 98  01;TIDAHOLM;TIDAHOLM;35.10;33.92;22.07;11.48;0.37;1.18
14 98  03;TIDAHOLM;HÖKENSÅS;35.10;33.92;22.07;11.48;0.37;1.18
14 98  07;TIDAHOLM;FRÖJERED;35.10;33.92;22.07;11.48;0.37;1.18
14 98  12;TIDAHOLM;VALSTAD;35.10;33.92;22.07;11.48;0.37;1.18
14 98  16;TIDAHOLM;VARV;35.10;33.92;22.07;11.48;0.37;1.18
14 99  01;FALKÖPING;FALKÖPING;34.66;33.44;21.60;11.48;0.36;1.22
14 99  02;FALKÖPING;MÖSSEBERG;34.66;33.44;21.60;11.48;0.36;1.22
14 99  05;FALKÖPING;FLOBY;35.15;33.63;21.60;11.48;0.55;1.52
14 99  16;FALKÖPING;KINNEVED;35.15;33.63;21.60;11.48;0.55;1.52
14 99  21;FALKÖPING;ÅSLEBYGDEN;34.66;33.44;21.60;11.48;0.36;1.22
14 99  24;FALKÖPING;SLÖTA-KARLEBY;34.66;33.44;21.60;11.48;0.36;1.22
14 99  28;FALKÖPING;YLLESTAD;34.66;33.44;21.60;11.48;0.36;1.22
14 99  33;FALKÖPING;DALA-BORGUNDA-HÖGSTENA;34.98;33.51;21.60;11.48;0.43;1.47
14 99  34;FALKÖPING;STENSTORP;34.98;33.51;21.60;11.48;0.43;1.47
14 99  41;FALKÖPING;GUDHEM;34.98;33.51;21.60;11.48;0.43;1.47
14 99  47;FALKÖPING;HORNBORGA;34.98;33.51;21.60;11.48;0.43;1.47
14 99  51;FALKÖPING;ÅSARP;35.15;33.63;21.60;11.48;0.55;1.52
17 15  01;KIL;STORA KIL;34.99;33.90;22.35;11.20;0.35;1.09
17 15  02;KIL;FRYKERUD;34.99;33.90;22.35;11.20;0.35;1.09
17 15  03;KIL;BODA;34.99;33.90;22.35;11.20;0.35;1.09
17 30  01;EDA;EDA;35.23;33.93;22.25;11.20;0.48;1.30
17 30  03;EDA;JÄRNSKOG-SKILLINGMARK;35.23;33.93;22.25;11.20;0.48;1.30
17 30  05;EDA;KÖLA;35.23;33.93;22.25;11.20;0.48;1.30
17 37  01;TORSBY;FRYKSÄNDE;35.42;34.18;22.50;11.20;0.48;1.24
17 37  02;TORSBY;LEKVATTNET;35.42;34.18;22.50;11.20;0.48;1.24
17 37  03;TORSBY;VITSAND;35.42;34.18;22.50;11.20;0.48;1.24
17 37  05;TORSBY;ÖSTMARK;35.42;34.18;22.50;11.20;0.48;1.24
17 37  08;TORSBY;ÖVRE ÄLVDAL;35.45;34.46;22.50;11.20;0.76;0.99
17 60  01;STORFORS;STORFORS;35.25;33.94;22.50;11.20;0.24;1.31
17 61  01;HAMMARÖ;HAMMARÖ;34.33;33.53;22.10;11.20;0.23;0.80
17 62  02;MUNKFORS;FORSHAGA-MUNKFORS, DEL;35.15;34.07;22.50;11.20;0.37;1.08
17 63  01;FORSHAGA;FORSHAGA-MUNKFORS, DEL;35.00;33.92;22.35;11.20;0.37;1.08
17 64  01;GRUMS;GRUMS;35.33;34.06;22.50;11.20;0.36;1.27
17 64  03;GRUMS;ED-BORGVIK;35.33;34.06;22.50;11.20;0.36;1.27
17 64  04;GRUMS;VÄRMSKOG;35.33;34.06;22.50;11.20;0.36;1.27
17 65  01;ÅRJÄNG;SILBODAL;35.84;34.345;22.45;11.20;0.695;1.495
17 65  02;ÅRJÄNG;SILLERUD;35.84;34.345;22.45;11.20;0.695;1.495
17 65  03;ÅRJÄNG;HOLMEDAL-KARLANDA;35.84;34.345;22.45;11.20;0.695;1.495
17 65  05;ÅRJÄNG;BLOMSKOG;35.84;34.345;22.45;11.20;0.695;1.495
17 65  06;ÅRJÄNG;TRANKIL;35.84;34.345;22.45;11.20;0.695;1.495
17 65  07;ÅRJÄNG;VÄSTRA FÅGELVIK;35.84;34.345;22.45;11.20;0.695;1.495
17 65  08;ÅRJÄNG;TÖCKSMARK;35.84;34.345;22.45;11.20;0.695;1.495
17 65  09;ÅRJÄNG;ÖSTERVALLSKOG;35.84;34.345;22.45;11.20;0.695;1.495
17 66  01;SUNNE;SUNNE;35.183;33.923;22.15;11.20;0.573;1.26
17 66  02;SUNNE;VÄSTRA ÄMTERVIK;35.183;33.923;22.15;11.20;0.573;1.26
17 66  03;SUNNE;ÖSTRA ÄMTERVIK;35.183;33.923;22.15;11.20;0.573;1.26
17 66  04;SUNNE;GRÄSMARK;35.183;33.923;22.15;11.20;0.573;1.26
17 66  05;SUNNE;LYSVIK;35.30;33.93;22.15;11.20;0.58;1.37
17 80  01;KARLSTAD;KARLSTADS DOMKYRKOFÖRS.;34.16;33.17;21.75;11.20;0.22;0.99
17 80  02;KARLSTAD;NORRSTRAND;34.16;33.17;21.75;11.20;0.22;0.99
17 80  03;KARLSTAD;VÄSE-FÅGELVIK;34.16;33.17;21.75;11.20;0.22;0.99
17 80  06;KARLSTAD;ALSTER-NYEDSBYGDEN;34.16;33.17;21.75;11.20;0.22;0.99
17 80  08;KARLSTAD;GRAVA;34.06;33.17;21.75;11.20;0.22;0.89
17 80  09;KARLSTAD;NOR-SEGERSTAD;34.25;33.26;21.75;11.20;0.31;0.99
17 80  11;KARLSTAD;VÄSTERSTRAND;34.16;33.17;21.75;11.20;0.22;0.99
17 81  01;KRISTINEHAMN;KRISTINEHAMN;35.10;33.98;22.45;11.20;0.33;1.12
17 81  03;KRISTINEHAMN;RUDSKOGA;35.10;33.98;22.45;11.20;0.33;1.12
17 81  04;KRISTINEHAMN;VISNUMS-KIL;35.10;33.98;22.45;11.20;0.33;1.12
17 81  05;KRISTINEHAMN;VISNUM;35.10;33.98;22.45;11.20;0.33;1.12
17 81  06;KRISTINEHAMN;ÖLME;35.10;33.98;22.45;11.20;0.33;1.12
17 82  01;FILIPSTAD;FILIPSTAD;34.97;33.73;22.00;11.20;0.53;1.24
17 83  01;HAGFORS;HAGFORS-GUSTAV ADOLF;35.38;34.20;22.50;11.20;0.50;1.18
17 83  02;HAGFORS;EKSHÄRAD;35.43;34.28;22.50;11.20;0.58;1.15
17 83  04;HAGFORS;NORRA RÅDA-SUNNEMO;35.38;34.20;22.50;11.20;0.50;1.18
17 84  01;ARVIKA;ARVIKA ÖSTRA;33.845;32.595;20.90;11.20;0.495;1.25
17 84  02;ARVIKA;ARVIKA VÄSTRA;33.845;32.595;20.90;11.20;0.495;1.25
17 84  03;ARVIKA;STAVNÄS-HÖGERUD;33.845;32.595;20.90;11.20;0.495;1.25
17 84  05;ARVIKA;GLAVA;33.845;32.595;20.90;11.20;0.495;1.25
17 84  07;ARVIKA;GUNNARSKOG;33.845;32.595;20.90;11.20;0.495;1.25
17 84  08;ARVIKA;NY;33.845;32.595;20.90;11.20;0.495;1.25
17 84  09;ARVIKA;ÄLGÅ;33.845;32.595;20.90;11.20;0.495;1.25
17 84  10;ARVIKA;MANGSKOG;33.845;32.595;20.90;11.20;0.495;1.25
17 84  11;ARVIKA;BRUNSKOG;33.845;32.595;20.90;11.20;0.495;1.25
17 85  01;SÄFFLE;SÄFFLE;34.77;33.66;22.00;11.20;0.46;1.11
17 85  02;SÄFFLE;TVETA;34.77;33.66;22.00;11.20;0.46;1.11
17 85  03;SÄFFLE;BRO;34.77;33.66;22.00;11.20;0.46;1.11
17 85  04;SÄFFLE;SÖDRA VÄRMLANDSNÄS;34.77;33.66;22.00;11.20;0.46;1.11
17 85  08;SÄFFLE;NY-HUGGENÄS;34.77;33.66;22.00;11.20;0.46;1.11
17 85  09;SÄFFLE;GILLBERGA;34.77;33.66;22.00;11.20;0.46;1.11
17 85  10;SÄFFLE;KILA;34.77;33.66;22.00;11.20;0.46;1.11
17 85  11;SÄFFLE;SVANSKOG;34.77;33.66;22.00;11.20;0.46;1.11
17 85  12;SÄFFLE;LÅNGSERUD;34.77;33.66;22.00;11.20;0.46;1.11
18 14  02;LEKEBERG;KNISTA;34.62;33.34;21.43;11.55;0.36;1.28
18 14  05;LEKEBERG;EDSBERG;34.03;33.13;21.43;11.55;0.15;0.90
18 60  01;LAXÅ;RAMUNDEBODA;35.35;34.19;22.18;11.55;0.46;1.16
18 60  02;LAXÅ;FINNERÖDJA-TIVED;35.35;34.19;22.18;11.55;0.46;1.16
18 60  04;LAXÅ;SKAGERSHULT;35.35;34.19;22.18;11.55;0.46;1.16
18 61  01;HALLSBERG;HALLSBERG;34.23;33.32;21.55;11.55;0.22;0.91
18 61  02;HALLSBERG;VIBY;34.62;33.48;21.55;11.55;0.38;1.14
18 61  04;HALLSBERG;SKÖLLERSTA;34.84;33.60;21.55;11.55;0.50;1.24
18 62  01;DEGERFORS;DEGERFORS-NYSUND;34.95;34.15;22.30;11.55;0.30;0.80
18 63  01;HÄLLEFORS;HÄLLEFORS-HJULSJÖ;35.27;33.95;22.05;11.55;0.35;1.32
18 63  02;HÄLLEFORS;GRYTHYTTAN;35.28;34.05;22.05;11.55;0.45;1.23
18 64  01;LJUSNARSBERG;LJUSNARSBERG;34.23;33.04;21.05;11.55;0.44;1.19
18 80  01;ÖREBRO;ÖREBRO NIKOLAI;33.95;33.05;21.35;11.55;0.15;0.90
18 80  02;ÖREBRO;ÖREBRO OLAUS PETRI;33.95;33.05;21.35;11.55;0.15;0.90
18 80  03;ÖREBRO;LÄNGBRO;33.95;33.05;21.35;11.55;0.15;0.90
18 80  04;ÖREBRO;ALMBY;33.95;33.05;21.35;11.55;0.15;0.90
18 80  05;ÖREBRO;MOSJÖ-TÄBY;33.95;33.05;21.35;11.55;0.15;0.90
18 80  08;ÖREBRO;TYSSLINGE;34.26;33.15;21.35;11.55;0.25;1.11
18 80  13;ÖREBRO;AXBERG;34.06;33.08;21.35;11.55;0.18;0.98
18 80  14;ÖREBRO;LÄNNÄS;34.64;33.30;21.35;11.55;0.40;1.34
18 80  15;ÖREBRO;ASKER;34.64;33.30;21.35;11.55;0.40;1.34
18 80  16;ÖREBRO;KVISMARE;34.36;33.16;21.35;11.55;0.26;1.20
18 80  27;ÖREBRO;GLANSHAMMAR;34.49;33.24;21.35;11.55;0.34;1.25
18 80  30;ÖREBRO;MIKAEL;33.95;33.05;21.35;11.55;0.15;0.90
18 80  31;ÖREBRO;ADOLFSBERG;33.95;33.05;21.35;11.55;0.15;0.90
18 81  01;KUMLA;KUMLA;33.61;32.59;20.80;11.55;0.24;1.02
18 81  02;KUMLA;HARDEMO;33.61;32.59;20.80;11.55;0.24;1.02
18 81  03;KUMLA;EKEBY;33.61;32.59;20.80;11.55;0.24;1.02
18 82  01;ASKERSUND;ASKERSUND;34.95;33.84;21.95;11.55;0.34;1.11
18 82  03;ASKERSUND;LERBÄCK;35.12;33.77;21.95;11.55;0.27;1.35
18 82  04;ASKERSUND;SNAVLUNDA;35.12;33.77;21.95;11.55;0.27;1.35
18 82  05;ASKERSUND;HAMMAR;34.89;34.01;21.95;11.55;0.51;0.88
18 83  01;KARLSKOGA;KARLSKOGA;34.61;33.81;22.00;11.55;0.26;0.80
18 84  04;NORA;NORA BERGSLAGSFÖRS.;35.06;33.68;21.75;11.55;0.38;1.38
18 85  02;LINDESBERG;LINDE BERGSLAG;35.367;34.107;22.30;11.55;0.257;1.26
18 85  04;LINDESBERG;NÄSBY;35.40;34.16;22.30;11.55;0.31;1.24
18 85  05;LINDESBERG;FELLINGSBRO;35.40;34.16;22.30;11.55;0.31;1.24
19 04  02;SKINNSKATTEBERG;SKINNSKATTEBERG MED HED OCH GUNNILBO;34.88;33.70;22.51;10.88;0.31;1.18
19 07  01;SURAHAMMAR;SURA-RAMNÄS;34.52;33.40;22.31;10.88;0.21;1.12
19 60  01;KUNGSÖR;KUNGSÖR;34.36;33.21;22.03;10.88;0.30;1.15
19 61  01;HALLSTAHAMMAR;HALLSTAHAMMAR-KOLBÄCK;33.96;32.94;21.81;10.88;0.25;1.02
19 62  01;NORBERG;NORBERG-KARBENNING;35.16;33.87;22.66;10.88;0.33;1.29
19 80  01;VÄSTERÅS;VÄSTERÅS DOMKYRKOFÖRS.;32.34;31.38;20.36;10.88;0.14;0.96
19 80  02;VÄSTERÅS;VÄSTERÅS LUNDBY;32.34;31.38;20.36;10.88;0.14;0.96
19 80  03;VÄSTERÅS;VÄSTERÅS BADELUNDA;32.34;31.38;20.36;10.88;0.14;0.96
19 80  07;VÄSTERÅS;NORRBO;32.34;31.38;20.36;10.88;0.14;0.96
19 80  09;VÄSTERÅS;DINGTUNA-LILLHÄRAD;32.34;31.38;20.36;10.88;0.14;0.96
19 80  10;VÄSTERÅS;VÄSTERÅS-BARKARÖ;32.34;31.38;20.36;10.88;0.14;0.96
19 80  11;VÄSTERÅS;KUNGSÅRA;32.34;31.38;20.36;10.88;0.14;0.96
19 80  16;VÄSTERÅS;TILLBERGA;32.34;31.38;20.36;10.88;0.14;0.96
19 80  20;VÄSTERÅS;RYTTERNE;32.34;31.38;20.36;10.88;0.14;0.96
19 80  22;VÄSTERÅS;SKERIKE;32.34;31.38;20.36;10.88;0.14;0.96
19 80  23;VÄSTERÅS;ÖNSTA;32.34;31.38;20.36;10.88;0.14;0.96
19 80  24;VÄSTERÅS;VIKSÄNG;32.34;31.38;20.36;10.88;0.14;0.96
19 80  25;VÄSTERÅS;GIDEONSBERG;32.34;31.38;20.36;10.88;0.14;0.96
19 81  01;SALA;SALA;34.38;33.40;22.31;10.88;0.21;0.98
19 81  02;SALA;VÄSTERFÄRNEBO-FLÄCKEBO;35.05;33.56;22.31;10.88;0.37;1.49
19 81  04;SALA;NORRBY;34.38;33.40;22.31;10.88;0.21;0.98
19 81  05;SALA;TÄRNA;34.821;33.401;22.31;10.88;0.211;1.42
19 81  06;SALA;KUMLA;34.821;33.401;22.31;10.88;0.211;1.42
19 81  07;SALA;KILA;34.821;33.401;22.31;10.88;0.211;1.42
19 81  08;SALA;MÖKLINTA;34.38;33.40;22.31;10.88;0.21;0.98
19 82  01;FAGERSTA;VÄSTANFORS-VÄSTERVÅLA;34.48;33.27;22.11;10.88;0.28;1.21
19 83  01;KÖPING;KÖPINGSBYGDEN;34.34;33.29;22.16;10.88;0.25;1.05
19 83  04;KÖPING;MALMA;34.34;33.29;22.16;10.88;0.25;1.05
19 84  01;ARBOGA;ARBOGA;34.94;33.81;22.51;10.88;0.42;1.13
20 21  01;VANSBRO;JÄRNA MED NÅS OCH ÄPPELBO;35.56;34.28;22.77;11.16;0.35;1.28
20 23  02;MALUNG-SÄLEN;MALUNG;35.78;34.57;23.04;11.16;0.37;1.21
20 23  03;MALUNG-SÄLEN;LIMA-TRANSTRAND;35.97;34.63;23.04;11.16;0.43;1.34
20 26  01;GAGNEF;MOCKFJÄRD;35.38;34.20;22.72;11.16;0.32;1.18
20 26  02;GAGNEF;GAGNEF;35.38;34.20;22.72;11.16;0.32;1.18
20 26  03;GAGNEF;FLODA;35.38;34.20;22.72;11.16;0.32;1.18
20 29  01;LEKSAND;LEKSAND;35.13;33.77;22.29;11.16;0.32;1.36
20 29  02;LEKSAND;DJURA;35.13;33.77;22.29;11.16;0.32;1.36
20 29  03;LEKSAND;ÅL;35.21;33.73;22.29;11.16;0.28;1.48
20 29  04;LEKSAND;SILJANSNÄS;35.13;33.77;22.29;11.16;0.32;1.36
20 31  01;RÄTTVIK;RÄTTVIK;35.13;33.81;22.29;11.16;0.36;1.32
20 31  03;RÄTTVIK;BODA;35.13;33.81;22.29;11.16;0.36;1.32
20 31  04;RÄTTVIK;ORE;35.13;33.81;22.29;11.16;0.36;1.32
20 34  02;ORSA;ORSA;35.58;34.45;22.89;11.16;0.40;1.13
20 39  02;ÄLVDALEN;ÄLVDALEN;35.48;34.25;22.79;11.16;0.30;1.23
20 39  05;ÄLVDALEN;IDRE-SÄRNA;35.97;34.40;22.79;11.16;0.45;1.57
20 61  01;SMEDJEBACKEN;NORRBÄRKE;35.57;34.38;22.93;11.16;0.29;1.19
20 61  02;SMEDJEBACKEN;SÖDERBÄRKE;35.60;34.35;22.93;11.16;0.26;1.25
20 62  01;MORA;MORA;35.38;34.25;22.81;11.16;0.28;1.13
20 80  01;FALUN;FALU KRISTINE;35.00;33.99;22.54;11.16;0.29;1.01
20 80  02;FALUN;GRYCKSBO;35.00;33.99;22.54;11.16;0.29;1.01
20 80  03;FALUN;STORA KOPPARBERG;35.00;33.99;22.54;11.16;0.29;1.01
20 80  04;FALUN;ASPEBODA;35.00;33.99;22.54;11.16;0.29;1.01
20 80  06;FALUN;VIKA-HOSJÖ;35.00;33.99;22.54;11.16;0.29;1.01
20 80  07;FALUN;SUNDBORN;35.17;33.87;22.54;11.16;0.17;1.30
20 80  08;FALUN;SVÄRDSJÖ;35.30;34.00;22.54;11.16;0.30;1.30
20 80  10;FALUN;ENVIKEN;35.30;34.00;22.54;11.16;0.30;1.30
20 80  11;FALUN;BJURSÅS;35.21;33.98;22.54;11.16;0.28;1.23
20 81  02;BORLÄNGE;STORA TUNA;35.18;34.33;22.89;11.16;0.28;0.85
20 81  03;BORLÄNGE;TORSÅNG;35.18;34.33;22.89;11.16;0.28;0.85
20 82  01;SÄTER;SÄTERBYGDEN;35.50;34.23;22.79;11.16;0.28;1.27
20 83  01;HEDEMORA;HEDEMORA-GARPENBERG;35.47;34.14;22.64;11.16;0.34;1.33
20 83  03;HEDEMORA;HUSBY;35.58;34.28;22.64;11.16;0.48;1.30
20 84  01;AVESTA;AVESTA;34.99;33.82;22.44;11.16;0.22;1.17
20 84  03;AVESTA;BY;35.18;33.90;22.44;11.16;0.30;1.28
20 84  04;AVESTA;FOLKÄRNA;35.18;33.90;22.44;11.16;0.30;1.28
20 84  06;AVESTA;GRYTNÄS;34.99;33.82;22.44;11.16;0.22;1.17
20 85  01;LUDVIKA;LUDVIKA;35.07;34.02;22.54;11.16;0.32;1.05
20 85  03;LUDVIKA;GRÄNGE-SÄFSNÄS;35.32;34.06;22.54;11.16;0.36;1.26
21 01  02;OCKELBO;OCKELBO;35.76;34.55;22.76;11.51;0.28;1.21
21 04  01;HOFORS;HOFORS;35.89;34.74;22.86;11.51;0.37;1.15
21 04  02;HOFORS;TORSÅKER;36.06;34.73;22.86;11.51;0.36;1.33
21 21  01;OVANÅKER;ALFTA-OVANÅKER;34.95;33.74;21.86;11.51;0.37;1.21
21 32  02;NORDANSTIG;HARMÅNGER-JÄTTENDAL;35.58;34.37;22.51;11.51;0.35;1.21
21 32  04;NORDANSTIG;GNARP;35.58;34.37;22.51;11.51;0.35;1.21
21 32  05;NORDANSTIG;BERGSJÖ;35.75;34.49;22.51;11.51;0.47;1.26
21 61  01;LJUSDAL;LJUSDAL-RAMSJÖ;35.11;34.19;22.36;11.51;0.32;0.92
21 61  03;LJUSDAL;LOS-HAMRA;35.49;34.32;22.36;11.51;0.45;1.17
21 61  04;LJUSDAL;FÄRILA-KÅRBÖLE;35.49;34.32;22.36;11.51;0.45;1.17
21 61  07;LJUSDAL;JÄRVSÖ;35.37;34.17;22.36;11.51;0.30;1.20
21 80  01;GÄVLE;GÄVLE HELIGA TREFALDIGHET;34.85;33.98;22.26;11.51;0.21;0.87
21 80  02;GÄVLE;GÄVLE STAFFAN;34.85;33.98;22.26;11.51;0.21;0.87
21 80  03;GÄVLE;HAMRÅNGE;35.31;34.15;22.26;11.51;0.38;1.16
21 80  04;GÄVLE;HEDESUNDA;35.21;33.98;22.26;11.51;0.21;1.23
21 80  05;GÄVLE;HILLE;35.06;33.97;22.26;11.51;0.20;1.09
21 80  06;GÄVLE;VALBO;34.91;34.01;22.26;11.51;0.24;0.90
21 80  08;GÄVLE;GÄVLE MARIA;34.85;33.98;22.26;11.51;0.21;0.87
21 80  09;GÄVLE;BOMHUS;34.85;33.98;22.26;11.51;0.21;0.87
21 81  01;SANDVIKEN;SANDVIKEN;34.51;33.38;21.61;11.51;0.26;1.13
21 81  02;SANDVIKEN;OVANSJÖ;34.55;33.36;21.61;11.51;0.24;1.19
21 81  03;SANDVIKEN;JÄRBO;34.55;33.36;21.61;11.51;0.24;1.19
21 81  04;SANDVIKEN;ÅRSUNDA-ÖSTERFÄRNEBO;34.51;33.38;21.61;11.51;0.26;1.13
21 82  01;SÖDERHAMN;SÖDERHAMN;34.52;33.50;21.66;11.51;0.33;1.02
21 82  02;SÖDERHAMN;SANDARNE;34.52;33.50;21.66;11.51;0.33;1.02
21 82  03;SÖDERHAMN;SKOG;34.57;33.60;21.66;11.51;0.43;0.97
21 82  04;SÖDERHAMN;LJUSNE;34.57;33.60;21.66;11.51;0.43;0.97
21 82  05;SÖDERHAMN;SÖDERALA;34.57;33.60;21.66;11.51;0.43;0.97
21 82  06;SÖDERHAMN;MO-BERGVIK;34.57;33.60;21.66;11.51;0.43;0.97
21 82  09;SÖDERHAMN;NORRALA-TRÖNÖ;34.47;33.55;21.66;11.51;0.38;0.92
21 83  03;BOLLNÄS;BOLLNÄS;34.76;33.74;21.86;11.51;0.37;1.02
21 83  04;BOLLNÄS;RENGSJÖ;34.76;33.74;21.86;11.51;0.37;1.02
21 83  06;BOLLNÄS;HANEBO-SEGERSTA;34.76;33.74;21.86;11.51;0.37;1.02
21 83  09;BOLLNÄS;ARBRÅ-UNDERSVIK;34.76;33.74;21.86;11.51;0.37;1.02
21 84  01;HUDIKSVALL;HUDIKSVALLSBYGDEN;34.353;33.42;21.61;11.51;0.30;0.933
21 84  05;HUDIKSVALL;ENÅNGER-NJUTÅNGER;34.56;33.44;21.61;11.51;0.32;1.12
21 84  08;HUDIKSVALL;DELSBO;34.61;33.47;21.61;11.51;0.35;1.14
21 84  09;HUDIKSVALL;BJURÅKER-NORRBO;34.76;33.57;21.61;11.51;0.45;1.19
21 84  11;HUDIKSVALL;FORSA-HÖG;34.44;33.41;21.61;11.51;0.29;1.03
22 60  02;ÅNGE;BORGSJÖ-HAVERÖ;36.54;35.12;23.33;11.29;0.50;1.42
22 60  04;ÅNGE;TORP;36.49;35.07;23.33;11.29;0.45;1.42
22 62  01;TIMRÅ;TIMRÅ;35.49;34.17;22.64;11.29;0.24;1.32
22 62  02;TIMRÅ;LJUSTORP;35.60;34.31;22.64;11.29;0.38;1.29
22 62  03;TIMRÅ;HÄSSJÖ;35.60;34.31;22.64;11.29;0.38;1.29
22 62  04;TIMRÅ;TYNDERÖ;35.60;34.31;22.64;11.29;0.38;1.29
22 80  01;HÄRNÖSAND;HÄRNÖSANDS DOMKYRKOFÖRS.;36.13;34.88;23.34;11.29;0.25;1.25
22 80  02;HÄRNÖSAND;HÖGSJÖ;36.38;34.91;23.34;11.29;0.28;1.47
22 80  03;HÄRNÖSAND;HÄGGDÅNGER;36.38;34.91;23.34;11.29;0.28;1.47
22 80  04;HÄRNÖSAND;STIGSJÖ;36.38;34.91;23.34;11.29;0.28;1.47
22 80  05;HÄRNÖSAND;VIKSJÖ;36.38;34.91;23.34;11.29;0.28;1.47
22 80  06;HÄRNÖSAND;SÄBRÅ;36.38;34.91;23.34;11.29;0.28;1.47
22 80  07;HÄRNÖSAND;HEMSÖ;36.38;34.91;23.34;11.29;0.28;1.47
22 81  01;SUNDSVALL;SUNDSVALL;35.38;34.16;22.59;11.29;0.28;1.22
22 81  03;SUNDSVALL;SKÖN;35.08;34.13;22.59;11.29;0.25;0.95
22 81  04;SUNDSVALL;ALNÖ;35.23;34.18;22.59;11.29;0.30;1.05
22 81  05;SUNDSVALL;SÄTTNA;35.72;34.47;22.59;11.29;0.59;1.25
22 81  06;SUNDSVALL;SELÅNGER;35.40;34.05;22.59;11.29;0.17;1.35
22 81  07;SUNDSVALL;STÖDE;35.62;34.40;22.59;11.29;0.52;1.22
22 81  08;SUNDSVALL;TUNA-ATTMAR;35.43;34.16;22.59;11.29;0.28;1.27
22 81  10;SUNDSVALL;NJURUNDA;35.22;34.24;22.59;11.29;0.36;0.98
22 81  11;SUNDSVALL;INDAL;35.72;34.47;22.59;11.29;0.59;1.25
22 81  12;SUNDSVALL;HOLM;35.72;34.47;22.59;11.29;0.59;1.25
22 81  13;SUNDSVALL;LIDEN;35.72;34.47;22.59;11.29;0.59;1.25
22 82  01;KRAMFORS;GUDMUNDRÅ;35.96;34.81;23.14;11.29;0.38;1.15
22 82  02;KRAMFORS;NORA-SKOG;36.28;34.82;23.14;11.29;0.39;1.46
22 82  04;KRAMFORS;NORDINGRÅ;36.21;34.74;23.14;11.29;0.31;1.47
22 82  05;KRAMFORS;VIBYGGERÅ;36.28;34.84;23.14;11.29;0.41;1.44
22 82  06;KRAMFORS;ULLÅNGER;36.28;34.84;23.14;11.29;0.41;1.44
22 82  07;KRAMFORS;BJÄRTRÅ;36.28;34.91;23.14;11.29;0.48;1.37
22 82  08;KRAMFORS;STYRNÄS;36.28;34.91;23.14;11.29;0.48;1.37
22 82  09;KRAMFORS;DAL;36.28;34.91;23.14;11.29;0.48;1.37
22 82  10;KRAMFORS;TORSÅKER;36.28;34.91;23.14;11.29;0.48;1.37
22 82  11;KRAMFORS;YTTERLÄNNÄS;36.28;34.91;23.14;11.29;0.48;1.37
22 83  01;SOLLEFTEÅ;SOLLEFTEÅ;36.46;34.99;23.39;11.29;0.31;1.47
22 83  02;SOLLEFTEÅ;MULTRÅ-SÅNGA;36.46;34.99;23.39;11.29;0.31;1.47
22 83  03;SOLLEFTEÅ;GRANINGE;36.51;35.13;23.39;11.29;0.45;1.38
22 83  04;SOLLEFTEÅ;LÅNGSELE;36.51;35.13;23.39;11.29;0.45;1.38
22 83  05;SOLLEFTEÅ;ED;36.48;35.31;23.39;11.29;0.63;1.17
22 83  06;SOLLEFTEÅ;RESELE;36.48;35.31;23.39;11.29;0.63;1.17
22 83  07;SOLLEFTEÅ;HELGUM;36.51;35.13;23.39;11.29;0.45;1.38
22 83  08;SOLLEFTEÅ;ÅDALS-LIDEN;36.48;35.31;23.39;11.29;0.63;1.17
22 83  09;SOLLEFTEÅ;JUNSELE;36.48;35.31;23.39;11.29;0.63;1.17
22 83  11;SOLLEFTEÅ;BOTEÅ;36.46;34.99;23.39;11.29;0.31;1.47
22 83  12;SOLLEFTEÅ;ÖVERLÄNNÄS;36.46;34.99;23.39;11.29;0.31;1.47
22 83  15;SOLLEFTEÅ;RAMSELE-EDSELE;36.50;35.21;23.39;11.29;0.53;1.29
22 84  01;ÖRNSKÖLDSVIK;ÖRNSKÖLDSVIK;35.38;34.04;22.44;11.29;0.31;1.34
22 84  02;ÖRNSKÖLDSVIK;ARNÄS;35.43;34.01;22.44;11.29;0.28;1.42
22 84  04;ÖRNSKÖLDSVIK;ANUNDSJÖ;35.55;34.17;22.44;11.29;0.44;1.38
22 84  05;ÖRNSKÖLDSVIK;SKORPED;35.55;34.17;22.44;11.29;0.44;1.38
22 84  06;ÖRNSKÖLDSVIK;SIDENSJÖ;35.68;34.21;22.44;11.29;0.48;1.47
22 84  07;ÖRNSKÖLDSVIK;NÄTRA;35.68;34.21;22.44;11.29;0.48;1.47
22 84  08;ÖRNSKÖLDSVIK;SJÄLEVAD;35.48;33.98;22.44;11.29;0.25;1.50
22 84  09;ÖRNSKÖLDSVIK;MO;35.48;33.98;22.44;11.29;0.25;1.50
22 84  10;ÖRNSKÖLDSVIK;GRUNDSUNDA;35.61;34.23;22.44;11.29;0.50;1.38
22 84  11;ÖRNSKÖLDSVIK;GIDEÅ-TREHÖRNINGSJÖ;35.43;34.01;22.44;11.29;0.28;1.42
22 84  12;ÖRNSKÖLDSVIK;BJÖRNA;35.48;33.98;22.44;11.29;0.25;1.50
23 03  01;RAGUNDA;RAGUNDA;36.24;34.94;23.22;11.20;0.52;1.30
23 03  02;RAGUNDA;FORS;36.24;34.94;23.22;11.20;0.52;1.30
23 03  03;RAGUNDA;BORGVATTNET;36.12;34.96;23.22;11.20;0.54;1.16
23 03  04;RAGUNDA;STUGUN;36.12;34.96;23.22;11.20;0.54;1.16
23 05  01;BRÄCKE;BRÄCKE-NYHEM;36.59;35.09;23.39;11.20;0.50;1.50
23 05  03;BRÄCKE;HÄLLESJÖ-HÅSJÖ;36.29;35.13;23.39;11.20;0.54;1.16
23 05  06;BRÄCKE;REVSUND, SUNDSJÖ, BODSJÖ;36.59;35.09;23.39;11.20;0.50;1.50
23 09  01;KROKOM;RÖDÖN;35.02;33.58;22.17;11.20;0.21;1.44
23 09  02;KROKOM;NÄSKOTT;35.02;33.58;22.17;11.20;0.21;1.44
23 09  03;KROKOM;ASPÅS;35.02;33.58;22.17;11.20;0.21;1.44
23 09  04;KROKOM;ÅS;35.02;33.58;22.17;11.20;0.21;1.44
23 09  06;KROKOM;FÖLLINGEBYGDEN;35.35;33.97;22.17;11.20;0.60;1.38
23 09  08;KROKOM;OFFERDAL;35.21;33.87;22.17;11.20;0.50;1.34
23 09  10;KROKOM;ALSEN;35.21;33.87;22.17;11.20;0.50;1.34
23 13  01;STRÖMSUND;STRÖM-ALANÄS;35.80;34.32;22.72;11.20;0.40;1.48
23 13  03;STRÖMSUND;GÅXSJÖ;35.80;34.32;22.72;11.20;0.40;1.48
23 13  04;STRÖMSUND;HAMMERDAL;35.80;34.32;22.72;11.20;0.40;1.48
23 13  05;STRÖMSUND;FROSTVIKEN;36.02;34.54;22.72;11.20;0.62;1.48
23 13  06;STRÖMSUND;FJÄLLSJÖ;35.80;34.32;22.72;11.20;0.40;1.48
23 13  07;STRÖMSUND;BODUM;35.80;34.32;22.72;11.20;0.40;1.48
23 13  08;STRÖMSUND;TÅSJÖ;35.80;34.32;22.72;11.20;0.40;1.48
23 21  01;ÅRE;ÅRE;35.09;33.74;22.22;11.20;0.32;1.35
23 21  03;ÅRE;VÄSTRA STORSJÖBYGDEN;35.32;33.87;22.22;11.20;0.45;1.45
23 21  04;ÅRE;KALL;35.13;33.71;22.22;11.20;0.29;1.42
23 21  05;ÅRE;UNDERSÅKER;35.13;33.71;22.22;11.20;0.29;1.42
23 26  01;BERG;BERG;35.57;34.26;22.52;11.20;0.54;1.31
23 26  02;BERG;HACKÅS;35.57;34.26;22.52;11.20;0.54;1.31
23 26  03;BERG;OVIKEN-MYSSJÖ;35.57;34.26;22.52;11.20;0.54;1.31
23 26  05;BERG;HEDEBYGDEN, DEL;35.67;34.26;22.52;11.20;0.54;1.41
23 26  06;BERG;ÅSARNE;35.57;34.26;22.52;11.20;0.54;1.31
23 26  08;BERG;RÄTAN-KLÖVSJÖ;35.57;34.26;22.52;11.20;0.54;1.31
23 61  01;HÄRJEDALEN;SVEGSBYGDEN;35.62;34.21;22.47;11.20;0.54;1.41
23 61  05;HÄRJEDALEN;HEDEBYGDEN, DEL;35.62;34.21;22.47;11.20;0.54;1.41
23 61  07;HÄRJEDALEN;TÄNNÄS-LJUSNEDAL;36.07;34.32;22.47;11.20;0.65;1.75
23 61  09;HÄRJEDALEN;YTTERHOGDAL, ÖVERHOGDAL OCH ÄNGERSJÖ;35.67;34.23;22.47;11.20;0.56;1.44
23 80  01;ÖSTERSUND;ÖSTERSUND;34.61;33.44;22.02;11.20;0.22;1.17
23 80  02;ÖSTERSUND;FRÖSÖ, SUNNE OCH NORDERÖ;34.68;33.48;22.02;11.20;0.26;1.20
23 80  04;ÖSTERSUND;NÄS;34.74;33.44;22.02;11.20;0.22;1.30
23 80  05;ÖSTERSUND;LOCKNE;34.74;33.44;22.02;11.20;0.22;1.30
23 80  06;ÖSTERSUND;MARIEBY;34.74;33.44;22.02;11.20;0.22;1.30
23 80  07;ÖSTERSUND;BRUNFLO;34.74;33.44;22.02;11.20;0.22;1.30
23 80  09;ÖSTERSUND;HÄGGENÅS-LIT-KYRKÅS;34.98;33.68;22.02;11.20;0.46;1.30
24 01  02;NORDMALING;NORDMALING;35.50;34.45;23.30;10.80;0.35;1.05
24 03  01;BJURHOLM;BJURHOLM;35.31;34.34;23.15;10.80;0.39;0.97
24 04  01;VINDELN;VINDELN;36.11;35.02;23.65;10.80;0.57;1.09
24 09  01;ROBERTSFORS;BYGDEÅ;35.41;34.31;23.15;10.80;0.36;1.10
24 17  02;NORSJÖ;NORSJÖ;35.61;34.61;23.40;10.80;0.41;1.00
24 18  01;MALÅ;MALÅ;35.72;34.70;23.40;10.80;0.50;1.02
24 21  01;STORUMAN;STENSELE;35.655;34.355;23.15;10.80;0.405;1.30
24 21  03;STORUMAN;TÄRNA;35.50;34.35;23.15;10.80;0.40;1.15
24 22  01;SORSELE;SORSELE;35.47;34.45;23.15;10.80;0.50;1.02
24 25  01;DOROTEA;DOROTEA-RISBÄCK;36.455;35.155;23.95;10.80;0.405;1.30
24 60  01;VÄNNÄS;VÄNNÄS;35.81;34.84;23.65;10.80;0.39;0.97
24 62  01;VILHELMINA;VILHELMINA;35.955;34.655;23.45;10.80;0.405;1.30
24 63  01;ÅSELE;ÅSELE-FREDRIKA;35.655;34.355;23.15;10.80;0.405;1.30
24 80  01;UMEÅ;UMEÅ STADSFÖRS.;34.82;33.81;22.85;10.80;0.16;1.01
24 80  02;UMEÅ;UMEÅ LANDSFÖRS.;34.82;33.81;22.85;10.80;0.16;1.01
24 80  03;UMEÅ;TAVELSJÖ;34.82;33.81;22.85;10.80;0.16;1.01
24 80  04;UMEÅ;TEG;34.82;33.81;22.85;10.80;0.16;1.01
24 80  05;UMEÅ;ÅLIDHEM;34.82;33.81;22.85;10.80;0.16;1.01
24 80  06;UMEÅ;HOLMSUND;34.97;33.85;22.85;10.80;0.20;1.12
24 80  07;UMEÅ;HÖRNEFORS;35.075;33.925;22.85;10.80;0.275;1.15
24 80  09;UMEÅ;SÄVAR-HOLMÖN;35.119;33.90;22.85;10.80;0.25;1.219
24 80  11;UMEÅ;UMEÅ MARIA;34.82;33.81;22.85;10.80;0.16;1.01
24 81  01;LYCKSELE;LYCKSELE;35.605;34.305;23.10;10.80;0.405;1.30
24 82  01;SKELLEFTEÅ;SKELLEFTEÅ S:T OLOV;34.75;33.69;22.65;10.80;0.24;1.06
24 82  02;SKELLEFTEÅ;SKELLEFTEÅ S:T ÖRJAN;34.92;33.75;22.65;10.80;0.30;1.17
24 82  03;SKELLEFTEÅ;BUREÅ;34.80;33.75;22.65;10.80;0.30;1.05
24 82  04;SKELLEFTEÅ;SKELLEFTEÅ LANDSFÖRS.;34.75;33.69;22.65;10.80;0.24;1.06
24 82  05;SKELLEFTEÅ;JÖRN-BOLIDEN;34.75;33.69;22.65;10.80;0.24;1.06
24 82  06;SKELLEFTEÅ;KÅGEDALEN;34.75;33.69;22.65;10.80;0.24;1.06
24 82  07;SKELLEFTEÅ;BYSKE-FÄLLFORS;34.75;33.69;22.65;10.80;0.24;1.06
24 82  10;SKELLEFTEÅ;LÖVÅNGER;35.07;33.85;22.65;10.80;0.40;1.22
24 82  11;SKELLEFTEÅ;BURTRÄSK;35.07;33.85;22.65;10.80;0.40;1.22
25 05  02;ARVIDSJAUR;ARVIDSJAUR;35.68;34.62;22.80;11.34;0.48;1.06
25 06  02;ARJEPLOG;ARJEPLOG;36.43;35.23;23.50;11.34;0.39;1.20
25 10  02;JOKKMOKK;JOKKMOKK;35.99;34.74;22.95;11.34;0.45;1.25
25 13  01;ÖVERKALIX;ÖVERKALIX;35.70;34.60;22.80;11.34;0.46;1.10
25 14  01;KALIX;NEDERKALIX;35.061;34.161;22.55;11.34;0.271;0.90
25 14  02;KALIX;TÖRE;35.061;34.161;22.55;11.34;0.271;0.90
25 18  01;ÖVERTORNEÅ;ÖVERTORNEÅ;34.64;33.54;21.75;11.34;0.45;1.10
25 21  01;PAJALA;PAJALA;36.64;35.383;23.50;11.34;0.543;1.257
25 23  01;GÄLLIVARE;GÄLLIVARE;34.99;34.17;22.55;11.34;0.28;0.82
25 23  06;GÄLLIVARE;MALMBERGET;34.99;34.17;22.55;11.34;0.28;0.82
25 60  02;ÄLVSBYN;ÄLVSBY;35.06;34.05;22.45;11.34;0.26;1.01
25 80  02;LULEÅ;LULEÅ DOMKYRKOFÖRS.;34.99;34.03;22.50;11.34;0.19;0.96
25 80  03;LULEÅ;NEDERLULEÅ;34.93;34.04;22.50;11.34;0.20;0.89
25 80  04;LULEÅ;RÅNEÅ;35.38;34.16;22.50;11.34;0.32;1.22
25 81  02;PITEÅ;HORTLAX;34.86;33.91;22.25;11.34;0.32;0.95
25 81  03;PITEÅ;PITEÅ;34.82;33.90;22.25;11.34;0.31;0.92
25 81  05;PITEÅ;NORRFJÄRDEN;34.95;33.92;22.25;11.34;0.33;1.03
25 82  01;BODEN;ÖVERLULEÅ;35.06;34.16;22.60;11.34;0.22;0.90
25 82  02;BODEN;GUNNARSBYN;35.06;34.16;22.60;11.34;0.22;0.90
25 82  03;BODEN;EDEFORS;35.55;34.44;22.60;11.34;0.50;1.11
25 82  04;BODEN;SÄVAST;35.06;34.16;22.60;11.34;0.22;0.90
25 83  01;HAPARANDA;HAPARANDA;35.14;34.21;22.50;11.34;0.37;0.93
25 84  01;KIRUNA;JUKKASJÄRVI;35.59;34.63;23.05;11.34;0.24;0.96
25 84  02;KIRUNA;VITTANGI;35.59;34.63;23.05;11.34;0.24;0.96
25 84  03;KIRUNA;KARESUANDO;35.59;34.63;23.05;11.34;0.24;0.96
